Path,Type,Title,Content coverage,Image coverage,Notes
"/shop/hustler/hustler-surfer-x-34-stand-on-mower/","Product","Hustler Surfer X 34″ Stand On Mower","retrieved","Source image captured","Rewritten overview plus captured specification table"
"/shop/yard-stop/bagged-mulch/bagged-black-mulch/","Product","Bagged Black Mulch","retrieved","Source image captured","Rewritten overview plus captured specification table"
"/shop/yard-stop/bagged-mulch/bagged-red-mulch/","Product","Bagged Red Mulch","retrieved","Source image captured","Rewritten overview plus captured specification table"
"/shop/yard-stop/bagged-mulch/bagged-chocolate-mulch/","Product","Bagged Chocolate Mulch","retrieved","Source image captured","Rewritten overview plus captured specification table"
"/shop/yard-stop/bagged-mulch/bagged-natural-cyprus-mulch/","Product","Bagged Natural Cyprus Mulch","retrieved","Source image captured","Rewritten overview plus captured specification table"
"/shop/yard-stop/bagged-mulch/bagged-pine-bark-mulch/","Product","Bagged Pine Bark Mulch","retrieved","Source image captured","Rewritten overview plus captured specification table"
"/shop/yard-stop/bagged-soil/bagged-planting-soil/","Product","Bagged Planting Soil","retrieved","Source image captured","Rewritten overview plus captured specification table"
"/shop/yard-stop/bagged-mulch/baled-pine-straw/","Product","Baled Pine Straw","retrieved","Source image captured","Rewritten overview plus captured specification table"
"/shop/yard-stop/bulk-mulch/bulk-red-mulch/","Product","Bulk Red Mulch","retrieved","Source image captured","Rewritten overview plus captured specification table"
"/shop/yard-stop/bulk-mulch/bulk-black-mulch/","Product","Bulk Black Mulch","retrieved","Source image captured","Rewritten overview plus captured specification table"
"/shop/yard-stop/bulk-mulch/bulk-pine-bark-mulch/","Product","Bulk Pine Bark Mulch","retrieved","Source image captured","Rewritten overview plus captured specification table"
"/shop/yard-stop/bulk-mulch/bulk-natural-cypress-mulch/","Product","Bulk Natural Cypress Mulch","retrieved","Source image captured","Rewritten overview plus captured specification table"
"/shop/yard-stop/bulk-soil/bulk-fill-dirt/","Product","Bulk Fill Dirt","retrieved","No source image","Rewritten overview plus captured specification table"
"/shop/yard-stop/bulk-soil/bulk-top-soil/","Product","Bulk Top Soil","retrieved","No source image","Rewritten overview plus captured specification table"
"/shop/yard-stop/bulk-soil/bulk-planting-soil/","Product","Bulk Planting Soil","retrieved","No source image","Rewritten overview plus captured specification table"
"/shop/yard-stop/bulk-rock/crushed-concrete-bulk/","Product","Crushed Concrete Bulk","retrieved","No source image","Rewritten overview plus captured specification table"
"/shop/yard-stop/bulk-rock/limestone-bulk/","Product","Limestone Bulk","retrieved","No source image","Rewritten overview plus captured specification table"
"/shop/yard-stop/bulk-rock/gray-granite-rock-bulk/","Product","Gray Granite Rock Bulk","retrieved","No source image","Rewritten overview plus captured specification table"
"/shop/yard-stop/bulk-rock/brown-river-rock-75-inch-bulk/","Product","Brown River Rock .75 Inch Bulk","retrieved","No source image","Rewritten overview plus captured specification table"
"/shop/yard-stop/bulk-rock/brown-river-rock-5-inch-bulk/","Product","Brown River Rock .5 Inch Bulk","retrieved","No source image","Rewritten overview plus captured specification table"
"/shop/yard-stop/bulk-rock/brown-river-rock-1-5-inch-bulk/","Product","Brown River Rock 1.5 Inch Bulk","retrieved","No source image","Rewritten overview plus captured specification table"
"/shop/yard-stop/bulk-rock/red-rock-bulk/","Product","Red Rock Bulk","retrieved","No source image","Rewritten overview plus captured specification table"
"/shop/yard-stop/bulk-rock/white-marble-chip-rock-bulk/","Product","White Marble Chip Rock Bulk","retrieved","No source image","Rewritten overview plus captured specification table"
"/shop/cub-cadet/cub-cadet-sc300c-lawn-mower-12avb2c2010/","Product","Cub Cadet SC300C Lawn Mower – 12AVB2C2010","retrieved","No source image","Rewritten overview plus captured specification table"
"/shop/bad-boy/bad-boy-push-mower-21-kawasaki-fj180-bby21fj180/","Product","Bad Boy Push Mower 21″ Kawasaki FJ180 BBY21FJ180","retrieved","Source image captured","Rewritten overview plus captured specification table"
"/shop/bad-boy/bad-boy-push-mower-25-kawasaki-fj180-bby25fj180/","Product","Bad Boy Push Mower 25″ Kawasaki FJ180 BBY25FJ180","retrieved","Source image captured","Rewritten overview plus captured specification table"
"/shop/exmark/exmark-commercial-21-x-series-self-propelled-mower-2/","Product","eXmark Commercial 21 X-Series Self Propelled Mower","retrieved","Source image captured","Rewritten overview plus captured specification table"
"/shop/exmark/exmark-commercial-21-x-series-self-propelled-mower/","Product","eXmark Commercial 21 X-Series Self Propelled Mower","retrieved","Source image captured","Rewritten overview plus captured specification table"
"/shop/exmark/exmark-commercial-21-x-series-self-propelled-mower-3/","Product","eXmark Commercial 21 X-Series Self Propelled Mower","retrieved","Source image captured","Rewritten overview plus captured specification table"
"/shop/cub-cadet/cub-cadet-cc30-riding-lawn-mower/","Product","Cub Cadet CC30 Riding Lawn Mower","retrieved","Source image captured","Rewritten overview plus captured specification table"
"/shop/cub-cadet/cub-cadet-cc30h-riding-lawn-mower/","Product","Cub Cadet CC30H Riding Lawn Mower","retrieved","Source image captured","Rewritten overview plus captured specification table"
"/shop/cub-cadet/cub-cadet-xt1-lt42-riding-lawn-mower/","Product","Cub Cadet XT1 LT42 Riding Lawn Mower","retrieved","Source image captured","Rewritten overview plus captured specification table"
"/shop/cub-cadet/cub-cadet-xt1-lt46-riding-lawn-mower-2/","Product","Cub Cadet XT1 LT46 Riding Lawn Mower","retrieved","Source image captured","Rewritten overview plus captured specification table"
"/shop/exmark/exmark-commercial-30-x-series-self-propelled-mower-ecx180gka30000/","Product","eXmark Commercial 30″ X-Series Self Propelled Mower ECX180GKA30000","retrieved","No source image","Rewritten overview plus captured specification table"
"/shop/exmark/exmark-commercial-30-x-series-self-propelled-mower-ecx200gkc30000/","Product","eXmark Commercial 30″ X-Series Self Propelled Mower ECX200GKC30000","retrieved","No source image","Rewritten overview plus captured specification table"
"/shop/cub-cadet/cub-cadet-xt1-lt50-fab-riding-lawn-mower/","Product","Cub Cadet XT1 LT50 FAB Riding Lawn Mower","retrieved","Source image captured","Rewritten overview plus captured specification table"
"/shop/cub-cadet/cub-cadet-z1-42-ip-zero-turn-mower/","Product","Cub Cadet Z1 42 IP Zero-Turn Mower","retrieved","Source image captured","Rewritten overview plus captured specification table"
"/shop/exmark/exmark-commercial-30-x-series-self-propelled-mower-ecx200gkc300cs/","Product","eXmark Commercial 30″ X-Series Self Propelled Mower ECX200GKC300CS","retrieved","No source image","Rewritten overview plus captured specification table"
"/shop/cub-cadet/cub-cadet-xt2-lx42-riding-lawn-mower/","Product","Cub Cadet XT2 LX42 Riding Lawn Mower","retrieved","Source image captured","Rewritten overview plus captured specification table"
"/shop/cub-cadet/cub-cadet-xt1-st54-riding-lawn-mower/","Product","Cub Cadet XT1 ST54 Riding Lawn Mower","retrieved","Source image captured","Rewritten overview plus captured specification table"
"/shop/cub-cadet/cub-cadet-xt2-lx46-riding-lawn-mower-2/","Product","Cub Cadet XT2 LX46 Riding Lawn Mower","retrieved","Source image captured","Rewritten overview plus captured specification table"
"/shop/cub-cadet/cub-cadet-z2-42-42-zero-turn-mower/","Product","Cub Cadet Z2 42 42″ Zero Turn Mower","retrieved","No source image","Rewritten overview plus captured specification table"
"/shop/cub-cadet/cub-cadet-z2-46-46-zero-turn-mower-17rieaen010/","Product","Cub Cadet Z2 46 46″ Zero Turn Mower – 17RIEAEN010","retrieved","No source image","Rewritten overview plus captured specification table"
"/shop/cub-cadet/cub-cadet-z2-50-50-zero-turn-mower-17rieael010/","Product","Cub Cadet Z2 50 50″ Zero Turn Mower – 17RIEAEL010","retrieved","No source image","Rewritten overview plus captured specification table"
"/shop/bad-boy/bad-boy-mz-rambler-42-briggs-zero-turn-mower-bmz4219bg/","Product","Bad Boy MZ Rambler 42″ Briggs Zero-Turn Mower BMZ4219BG","retrieved","Source image captured","Rewritten overview plus captured specification table"
"/shop/cub-cadet/cub-cadet-z2-54-54-zero-turn-mower-17rieaem010/","Product","Cub Cadet Z2 54 54″ Zero Turn Mower – 17RIEAEM010","retrieved","No source image","Rewritten overview plus captured specification table"
"/shop/ferris/ferris-fw15-32-walk-behind-mower/","Product","Ferris FW15 32″ Walk Behind Mower","retrieved","Source image captured","Rewritten overview plus captured specification table"
"/shop/hustler/hustler-dash-xd-34-zero-turn-mower-940742/","Product","Hustler Dash XD 34″ Zero Turn Mower – 940742","retrieved","Source image captured","Rewritten overview plus captured specification table"
"/shop/cub-cadet/cub-cadet-xt2-slx50-riding-lawn-mower-2/","Product","Cub Cadet XT2 SLX50 Riding Lawn Mower","retrieved","Source image captured","Rewritten overview plus captured specification table"
"/shop/cub-cadet/cub-cadet-z2-54p-54-zero-turn-mower-17fieaem010/","Product","Cub Cadet Z2 54P 54″ Zero Turn Mower – 17FIEAEM010","retrieved","No source image","Rewritten overview plus captured specification table"
"/shop/stihl/stihl-rz-142-zero-turn-mower/","Product","STIHL RZ 142 Zero Turn Mower","retrieved","Source image captured","Rewritten overview plus captured specification table"
"/shop/hustler/hustler-dash-xd-48-zero-turn-mower-940767-2/","Product","Hustler Dash XD 48″ Zero Turn Mower – 940767","retrieved","Source image captured","Rewritten overview plus captured specification table"
"/shop/bad-boy/bad-boy-mz-magnum-48-briggs-zero-turn-mower-bmz48cxi25/","Product","Bad Boy MZ Magnum 48″ Briggs Zero-Turn Mower BMZ48CXI25","retrieved","No source image","Rewritten overview plus captured specification table"
"/shop/hustler/hustler-raptor-x-42-kawasaki-zero-turn-mower-944470/","Product","Hustler Raptor X 42″ Kawasaki Zero Turn Mower – 944470","retrieved","Source image captured","Rewritten overview plus captured specification table"
"/shop/bad-boy/bad-boy-mz-magnum-54-briggs-zero-turn-mower-bmz54cxi25/","Product","Bad Boy MZ Magnum 54″ Briggs Zero-Turn Mower BMZ54CXI25","retrieved","No source image","Rewritten overview plus captured specification table"
"/shop/hustler/hustler-raptor-x-42-zero-turn-mower-939694/","Product","Hustler Raptor X 42″ Zero Turn Mower – 939694","source_redirect","No source image","Listing facts only; original detail unavailable or redirected"
"/shop/cub-cadet/cub-cadet-xt2-slx54-riding-lawn-mower-2/","Product","Cub Cadet XT2 SLX54 Riding Lawn Mower","retrieved","Source image captured","Rewritten overview plus captured specification table"
"/shop/bad-boy/bad-boy-mz-rambler-42-kohler-zero-turn-mower-bmz42kt722/","Product","Bad Boy MZ Rambler 42″ Kohler Zero-Turn Mower BMZ42KT722","retrieved","Source image captured","Rewritten overview plus captured specification table"
"/shop/bad-boy/bad-boy-mz-magnum-54-kohler-zero-turn-mower-bmz54kt724/","Product","Bad Boy MZ Magnum 54″ Kohler Zero-Turn Mower BMZ54KT724","retrieved","No source image","Rewritten overview plus captured specification table"
"/shop/hustler/hustler-raptor-x-54-kawasaki-zero-turn-mower-944496/","Product","Hustler Raptor X 54″ Kawasaki Zero Turn Mower – 944496","retrieved","Source image captured","Rewritten overview plus captured specification table"
"/shop/cub-cadet/cub-cadet-z2-60-60-zero-turn-mower-17bieac5010/","Product","Cub Cadet Z2 60 60″ Zero Turn Mower – 17BIEAC5010","retrieved","No source image","Rewritten overview plus captured specification table"
"/shop/hustler/hustler-raptor-xl-42-kawasaki-zero-turn-mower-944504/","Product","Hustler Raptor XL 42″ Kawasaki Zero Turn Mower – 944504","retrieved","Source image captured","Rewritten overview plus captured specification table"
"/shop/bad-boy/bad-boy-mz-magnum-48-kawasaki-fr651-zero-turn-mower-bmz48fr651/","Product","Bad Boy MZ Magnum 48″ Kawasaki ®FR651 Zero-Turn Mower BMZ48FR651","retrieved","Source image captured","Rewritten overview plus captured specification table"
"/shop/bad-boy/bad-boy-mz-magnum-54-kawasaki-fr651-zero-turn-mower-bmz54fr651/","Product","Bad Boy MZ Magnum 54″ Kawasaki ®FR651 Zero-Turn Mower BMZ54FR651","retrieved","Source image captured","Rewritten overview plus captured specification table"
"/shop/bad-boy/bad-boy-mz-magnum-60-kohler-zero-turn-mower-bmz60kt724/","Product","Bad Boy MZ Magnum 60″ Kohler Zero-Turn Mower BMZ60KT724","retrieved","Source image captured","Rewritten overview plus captured specification table"
"/shop/cub-cadet/cub-cadet-xt2-gx54-d-riding-lawn-mower-2/","Product","Cub Cadet XT2 GX54 D Riding Lawn Mower","retrieved","Source image captured","Rewritten overview plus captured specification table"
"/shop/hustler/hustler-raptor-xl-48-kawasaki-zero-turn-mower-944512/","Product","Hustler Raptor XL 48″ Kawasaki Zero Turn Mower – 944512","retrieved","Source image captured","Rewritten overview plus captured specification table"
"/shop/cub-cadet/cub-cadet-z3-50-50-zero-turn-mower-17riece2010/","Product","Cub Cadet Z3 50 50″ Zero Turn Mower – 17RIECE2010","retrieved","No source image","Rewritten overview plus captured specification table"
"/shop/hustler/hustler-raptor-xl-54-kawasaki-zero-turn-mower-944520/","Product","Hustler Raptor XL 54″ Kawasaki Zero Turn Mower – 944520","retrieved","Source image captured","Rewritten overview plus captured specification table"
"/shop/cub-cadet/cub-cadet-z3-54-54-zero-turn-mower-17riece3010/","Product","Cub Cadet Z3 54 54″ Zero Turn Mower – 17RIECE3010","retrieved","No source image","Rewritten overview plus captured specification table"
"/shop/bad-boy/bad-boy-zt-avenger-60-kohler-7000-zero-turn-mower-baz60kt745/","Product","Bad Boy ZT Avenger 60″ Kohler 7000 Zero-Turn Mower BAZ60KT745","unavailable","No source image","Listing facts only; original detail unavailable or redirected"
"/shop/hustler/hustler-raptor-xd-42-zero-turn-mower-939819/","Product","Hustler Raptor XD 42″ Zero Turn Mower – 939819","retrieved","Source image captured","Rewritten overview plus captured specification table"
"/shop/hustler/hustler-raptor-xd-48-zero-turn-mower-939744/","Product","Hustler Raptor XD 48″ Zero Turn Mower – 939744","retrieved","Source image captured","Rewritten overview plus captured specification table"
"/shop/cub-cadet/cub-cadet-z3-60-60-zero-turn-mower-17aiece5a10/","Product","Cub Cadet Z3 60 60″ Zero Turn Mower – 17AIECE5A10","retrieved","No source image","Rewritten overview plus captured specification table"
"/shop/hustler/hustler-raptor-xd-60-zero-turn-mower-939769/","Product","Hustler Raptor XD 60″ Zero Turn Mower – 939769","retrieved","Source image captured","Rewritten overview plus captured specification table"
"/shop/hustler/hustler-raptor-xd-48-kawasaki-zero-turn-mower-944538/","Product","Hustler Raptor XD 48″ Kawasaki Zero Turn Mower – 944538","retrieved","Source image captured","Rewritten overview plus captured specification table"
"/shop/bad-boy/bad-boy-zt-avenger-54-kawasaki-fr691-zero-turn-mower-baz54fr691/","Product","Bad Boy ZT Avenger 54″ Kawasaki FR691 Zero-Turn Mower BAZ54FR691","retrieved","Source image captured","Rewritten overview plus captured specification table"
"/shop/bad-boy/bad-boy-zt-avenger-60-kawasaki-fr691-zero-turn-mower-baz60fr691/","Product","Bad Boy ZT Avenger 60″ Kawasaki FR691 Zero-Turn Mower BAZ60FR691","retrieved","Source image captured","Rewritten overview plus captured specification table"
"/shop/bad-boy/bad-boy-zt-elite-60-briggs-w-maverick-seat-zero-turn-mower-bzs60cxi27/","Product","Bad Boy ZT Elite 60″ Briggs w/ Maverick Seat Zero-Turn Mower BZS60CXI27","retrieved","Source image captured","Rewritten overview plus captured specification table"
"/shop/hustler/hustler-raptor-xd-54-kawasaki-zero-turn-mower-944546/","Product","Hustler Raptor XD 54″ Kawasaki Zero Turn Mower – 944546","retrieved","Source image captured","Rewritten overview plus captured specification table"
"/shop/hustler/hustler-surfer-pro-34-stand-on-mower-941591/","Product","Hustler Surfer Pro 34″ Stand On Mower – 941591","retrieved","Source image captured","Rewritten overview plus captured specification table"
"/shop/bad-boy/bad-boy-walk-behind-36-kawasaki-fs600-bwe36fs600/","Product","Bad Boy Raider Walk-Behind 36″ Kawasaki FS600 BWE36FS600","retrieved","Source image captured","Rewritten overview plus captured specification table"
"/shop/hustler/hustler-raptor-xd-60-kawasaki-zero-turn-mower-944553/","Product","Hustler Raptor XD 60″ Kawasaki Zero Turn Mower – 944553","retrieved","Source image captured","Rewritten overview plus captured specification table"
"/shop/exmark/exmark-48-quest-x-series-zero-turn-mower-qzx735gkc48300/","Product","Ask about","retrieved","Source image captured","Rewritten overview plus captured specification table"
"/shop/hustler/hustler-surfer-pro-48-stand-on-mower-941617/","Product","Hustler Surfer Pro 48″ Stand On Mower – 941617","retrieved","Source image captured","Rewritten overview plus captured specification table"
"/shop/bad-boy/bad-boy-walk-behind-48-kawasaki-fs600-bwe48fs600/","Product","Bad Boy Raider Walk-Behind 48″ Kawasaki FS600 BWE48FS600","retrieved","Source image captured","Rewritten overview plus captured specification table"
"/shop/bad-boy/bad-boy-revolt-sd-34-stand-on-mower-brv34fs600/","Product","Bad Boy Revolt SD 34″ Stand-On Mower BRV34FS600","retrieved","Source image captured","Rewritten overview plus captured specification table"
"/shop/bad-boy/bad-boy-walk-behind-54-kawasaki-fs600-bwe54fs600/","Product","Bad Boy Raider Walk-Behind 54″ Kawasaki FS600 BWE54FS600","retrieved","Source image captured","Rewritten overview plus captured specification table"
"/shop/bad-boy/bad-boy-revolt-sd-42-stand-on-mower-brv42fs600/","Product","Bad Boy Revolt SD 42″ Stand-On Mower BRV42FS600","retrieved","Source image captured","Rewritten overview plus captured specification table"
"/shop/hustler/hustler-raptor-xdx-48-zero-turn-mower-939827/","Product","Hustler Raptor XDX 48″ Zero Turn Mower – 939827","retrieved","Source image captured","Rewritten overview plus captured specification table"
"/shop/hustler/hustler-raptor-xdx-54-zero-turn-mower-939835/","Product","Hustler Raptor XDX 54″ Zero Turn Mower – 939835","retrieved","Source image captured","Rewritten overview plus captured specification table"
"/shop/bad-boy/bad-boy-zt-elite-48-kawasaki-fr730-zero-turn-mower-bzs48fr730/","Product","Bad Boy ZT Elite 48″ Kawasaki FR730 Zero-Turn Mower BZS48FR730","search_index","No source image","Rewritten overview plus captured specification table"
"/shop/bad-boy/bad-boy-zt-elite-54-kawasaki-fr730-zero-turn-mower-bzs54fr730/","Product","Bad Boy ZT Elite 54″ Kawasaki FR730 Zero-Turn Mower BZS54FR730","retrieved","Source image captured","Rewritten overview plus captured specification table"
"/shop/ferris/ferris-500s-48-zero-turn-mower-2/","Product","Ferris 500S 48″ Zero Turn Mower","retrieved","No source image","Rewritten overview plus captured specification table"
"/shop/bad-boy/bad-boy-e-magnum-42-zero-turn-mower-bmz42ev/","Product","Bad Boy E Magnum 42″ Zero-Turn Mower BMZ42EV","retrieved","Source image captured","Rewritten overview plus captured specification table"
"/shop/hustler/hustler-raptor-xdx-60-zero-turn-mower-939843/","Product","Hustler Raptor XDX 60″ Zero Turn Mower – 939843","retrieved","Source image captured","Rewritten overview plus captured specification table"
"/shop/ferris/ferris-500s-52-zero-turn-mower-2/","Product","Ferris 500S 52″ Zero Turn Mower","retrieved","No source image","Rewritten overview plus captured specification table"
"/shop/exmark/exmark-48-radius-e-series-zero-turn-mower-rze708gem48c00/","Product","eXmark 48″ Radius E-Series Zero Turn Mower RZE708GEM48C00","retrieved","Source image captured","Rewritten overview plus captured specification table"
"/shop/wright/wright-stander-b-2-52-stand-on-mower/","Product","Wright Stander B 52″ Floating Deck Stand On Mower – WSB52S44T971B","retrieved","Source image captured","Rewritten overview plus captured specification table"
"/shop/bad-boy/bad-boy-maverick-48-kohler-zero-turn-mower-bmr48zt740/","Product","Bad Boy Maverick 48″ Kohler Zero-Turn Mower BMR48ZT740","unavailable","No source image","Listing facts only; original detail unavailable or redirected"
"/shop/ferris/ferris-fw25-36-walk-behind-mower/","Product","Ferris FW25 36″ Walk Behind Mower","retrieved","Source image captured","Rewritten overview plus captured specification table"
"/shop/ferris/ferris-500s-61-zero-turn-mower-3/","Product","Ferris 500S 61″ Zero Turn Mower","retrieved","No source image","Rewritten overview plus captured specification table"
"/shop/hustler/hustler-trimstar-36-walk-behind-mower-939496/","Product","Hustler TrimStar 36″ Walk Behind Mower – 939496","retrieved","Source image captured","Rewritten overview plus captured specification table"
"/shop/ferris/ferris-f60-36-zero-turn-mower/","Product","Ferris F60 36″ Zero Turn Mower","retrieved","No source image","Rewritten overview plus captured specification table"
"/shop/exmark/exmark-52-radius-e-series-zero-turn-mower-rze708gem52300/","Product","eXmark 52″ Radius E-Series Zero Turn Mower RZE708GEM52300","retrieved","Source image captured","Rewritten overview plus captured specification table"
"/shop/ferris/ferris-500s-61-zero-turn-mower-2/","Product","Ferris 500S 61″ Zero Turn Mower","retrieved","No source image","Rewritten overview plus captured specification table"
"/shop/bad-boy/bad-boy-maverick-54-kohler-zero-turn-mower-bmr54zt740/","Product","Bad Boy Maverick 54″ Kohler Zero-Turn Mower BMR54ZT740","retrieved","Source image captured","Rewritten overview plus captured specification table"
"/shop/bad-boy/bad-boy-maverick-60-kohler-zero-turn-mower-bmr60zt740/","Product","Bad Boy Maverick 60″ Kohler Zero-Turn Mower BMR60ZT740","retrieved","No source image","Rewritten overview plus captured specification table"
"/shop/wright/wright-velke-hc-36-floating-deck-walk-behind-mower/","Product","Wright Velke HC 36″ Walk Behind Mower – WVHC36SFS600E1B","retrieved","Source image captured","Rewritten overview plus captured specification table"
"/shop/ferris/ferris-fw25-48-walk-behind-mower/","Product","Ferris FW25 48″ Walk Behind Mower","retrieved","Source image captured","Rewritten overview plus captured specification table"
"/shop/hustler/hustler-trimstar-48-walk-behind-mower-939504/","Product","Hustler TrimStar 48″ Walk Behind Mower – 939504","retrieved","Source image captured","Rewritten overview plus captured specification table"
"/shop/bad-boy/bad-boy-maverick-48-kawasaki-fs730-zero-turn-mower-bmr48fs730/","Product","Bad Boy Maverick 48″ Kawasaki® FS730 Zero-Turn Mower BMR48FS730","retrieved","Source image captured","Rewritten overview plus captured specification table"
"/shop/wright/wright-velke-hc-48-floating-deck-walk-behind-mower/","Product","Wright Velke HC 48″ Walk Behind Mower – WVHC48SFS600E1B","retrieved","Source image captured","Rewritten overview plus captured specification table"
"/shop/ferris/ferris-is-600-48-zero-turn-mower-3/","Product","Ferris IS® 600 48″ Zero Turn Mower","retrieved","Source image captured","Rewritten overview plus captured specification table"
"/shop/exmark/exmark-60-radius-e-series-zero-turn-mower-rze708gem60300/","Product","eXmark 60″ Radius E-Series Zero Turn Mower RZE708GEM60300","retrieved","Source image captured","Rewritten overview plus captured specification table"
"/shop/bad-boy/bad-boy-maverick-54-kawasaki-fs730-zero-turn-mower-bmr54fs730/","Product","Bad Boy Maverick 54″ Kawasaki® FS730 Zero-Turn Mower BMR54FS730","retrieved","No source image","Rewritten overview plus captured specification table"
"/shop/gravely/2022-gravely-compact-pro-34-kawasaki-zero-turn-mower-991144/","Product","Gravely Compact-Pro® 34″ Kawasaki® Zero-Turn Mower 991144","retrieved","Source image captured","Rewritten overview plus captured specification table"
"/shop/bad-boy/bad-boy-maverick-60-kawasaki-fs730-zero-turn-mower-bmr60fs730/","Product","Bad Boy Maverick 60″ Kawasaki® FS730 Zero-Turn Mower BMR60FS730","retrieved","No source image","Rewritten overview plus captured specification table"
"/shop/ferris/ferris-is-600-52-zero-turn-mower-3/","Product","Ferris IS® 600 52″ Zero Turn Mower","retrieved","Source image captured","Rewritten overview plus captured specification table"
"/shop/wright/wright-stander-b-32-floating-deck-stand-on-mower-wsb32sfx6001b/","Product","Wright Stander B 32″ Floating Deck Stand On Mower – WSB32SFX6001B","retrieved","Source image captured","Rewritten overview plus captured specification table"
"/shop/bad-boy/bad-boy-outlaw-revolt-36-stand-on-kawasaki-fx850-brv36fx691/","Product","Bad Boy Outlaw Revolt 36″ Stand-On Kawasaki FX850 BRV36FX691","retrieved","Source image captured","Rewritten overview plus captured specification table"
"/shop/hustler/hustler-trimstar-54-walk-behind-mower-942268/","Product","Hustler TrimStar 54″ Walk Behind Mower – 942268","retrieved","Source image captured","Rewritten overview plus captured specification table"
"/shop/wright/wright-stander-b-36-floating-deck-stand-on-mower-wsb36sfx6001b/","Product","Wright Stander B 36″ Floating Deck Stand On Mower – WSB36SFX6001B","retrieved","Source image captured","Rewritten overview plus captured specification table"
"/shop/ferris/ferris-is-600-48-zero-turn-mower-2/","Product","Ferris IS® 600 48″ Zero Turn Mower","retrieved","Source image captured","Rewritten overview plus captured specification table"
"/shop/wright/wright-stander-b-48-floating-deck-stand-on-mower/","Product","Wright Stander B 48″ Floating Deck Stand On Mower – WSB48SFS651E1B","retrieved","Source image captured","Rewritten overview plus captured specification table"
"/shop/hustler/hustler-fastrak-48-zero-turn-mower-941724/","Product","Hustler FasTrak 48″ Zero Turn Mower – 941724","retrieved","Source image captured","Rewritten overview plus captured specification table"
"/shop/wright/wright-stander-b-52-floating-deck-stand-on-mower/","Product","Wright Stander B 52″ Floating Deck Stand On Mower – WSB52SFS651E1B","retrieved","Source image captured","Rewritten overview plus captured specification table"
"/shop/bad-boy/bad-boy-outlaw-revolt-54-stand-on-vanguard-efi-brv5428evg/","Product","Bad Boy Revolt 54″ Stand-On Vanguard EFI BRV5428EVG","search_index","No source image","Rewritten overview plus captured specification table"
"/shop/bad-boy/bad-boy-outlaw-revolt-61-stand-on-vanguard-efi-brv6128evg/","Product","Bad Boy Outlaw Revolt 61″ Stand-On Vanguard EFI BRV6128EVG","retrieved","Source image captured","Rewritten overview plus captured specification table"
"/shop/hustler/hustler-fastrak-54-zero-turn-mower-941732/","Product","Hustler FasTrak 54″ Zero Turn Mower – 941732","retrieved","Source image captured","Rewritten overview plus captured specification table"
"/shop/hustler/hustler-fastrak-48-rear-discharge-zero-turn-mower-941757/","Product","Hustler FasTrak 48″ Rear Discharge Zero Turn Mower – 941757","retrieved","Source image captured","Rewritten overview plus captured specification table"
"/shop/hustler/hustler-trimstar-60-walk-behind-mower-942276/","Product","Hustler TrimStar 60″ Walk Behind Mower – 942276","retrieved","Source image captured","Rewritten overview plus captured specification table"
"/shop/ferris/ferris-is-600-52-zero-turn-mower-2/","Product","Ferris IS® 600 52″ Zero Turn Mower","retrieved","Source image captured","Rewritten overview plus captured specification table"
"/shop/wright/wright-velke-hc-48-walk-behind-mower-wvhc48sfx6001b/","Product","Wright Velke HC 48″ Walk Behind Mower – WVHC48SFX6001B","retrieved","Source image captured","Rewritten overview plus captured specification table"
"/shop/bad-boy/bad-boy-outlaw-revolt-48-stand-on-kawasaki-fx730-brv48fx730/","Product","Bad Boy Outlaw Revolt 48″ Stand-On Kawasaki FX730 BRV48FX730","retrieved","Source image captured","Rewritten overview plus captured specification table"
"/shop/exmark/exmark-36-turf-tracer-s-series-walk-behind-mower-tts600gka363e0/","Product","eXmark 36″ Turf Tracer S-Series Walk Behind Mower TTS600GKA363E0","retrieved","Source image captured","Rewritten overview plus captured specification table"
"/shop/hustler/hustler-fastrak-60-zero-turn-mower-941740/","Product","Hustler FasTrak 60″ Zero Turn Mower – 941740","retrieved","Source image captured","Rewritten overview plus captured specification table"
"/shop/hustler/hustler-fastrak-54-rear-discharge-zero-turn-mower-941765/","Product","Hustler FasTrak 54″ Rear Discharge Zero Turn Mower – 941765","retrieved","Source image captured","Rewritten overview plus captured specification table"
"/shop/ferris/ferris-is-700z-52-zero-turn-mower/","Product","Ferris IS® 700Z 52″ Zero Turn Mower","retrieved","Source image captured","Rewritten overview plus captured specification table"
"/shop/bad-boy/bad-boy-outlaw-revolt-54-stand-on-kawasaki-fx850-brv54fx850/","Product","Bad Boy Outlaw Revolt 54″ Stand-On Kawasaki FX850 BRV54FX850","retrieved","Source image captured","Rewritten overview plus captured specification table"
"/shop/bad-boy/bad-boy-maverick-hd-42-kawasaki-fx691-zero-turn-mower-bmh42fx691/","Product","Bad Boy Maverick HD 42″ Kawasaki FX691 Zero-Turn Mower BMH42FX691","retrieved","Source image captured","Rewritten overview plus captured specification table"
"/shop/bad-boy/bad-boy-maverick-hd-54-kohler-efi-bmh54cv749/","Product","Bad Boy Maverick HD 54″ Kohler EFI BMH54CV749","retrieved","Source image captured","Rewritten overview plus captured specification table"
"/shop/wright/wright-velke-hc-36-floating-deck-walk-behind-mower-fx600/","Product","Wright Velke HC 36″ Walk Behind Mower – WVHC36SFX600E1B","retrieved","Source image captured","Rewritten overview plus captured specification table"
"/shop/bad-boy/bad-boy-maverick-hd-48-kawasaki-fx691-zero-turn-mower-bmh48fx691/","Product","Bad Boy Maverick HD 48″ Kawasaki FX691 Zero-Turn Mower BMH48FX691","retrieved","Source image captured","Rewritten overview plus captured specification table"
"/shop/bad-boy/bad-boy-outlaw-revolt-61-stand-on-kawasaki-fx850-brv61fx850/","Product","Bad Boy Outlaw Revolt 61″ Stand-On Kawasaki FX850 BRV61FX850","retrieved","Source image captured","Rewritten overview plus captured specification table"
"/shop/exmark/exmark-48-turf-tracer-s-series-walk-behind-mower-tts600gka483e0/","Product","eXmark 48″ Turf Tracer S-Series Walk Behind Mower TTS600GKA483E0","retrieved","Source image captured","Rewritten overview plus captured specification table"
"/shop/bad-boy/bad-boy-maverick-hd-60-kohler-efi-bmh60cv749/","Product","Bad Boy Maverick HD 60″ Kohler EFI BMH60CV749","retrieved","Source image captured","Rewritten overview plus captured specification table"
"/shop/ferris/ferris-srs-z1-36-soft-ride-stand-on-mower/","Product","Ferris SRS™ Z1 36″ Soft Ride Stand-On Mower","retrieved","Source image captured","Rewritten overview plus captured specification table"
"/shop/bad-boy/bad-boy-maverick-hd-54-kawasaki-fx730-zero-turn-mower-bmh54fx730/","Product","Bad Boy Maverick HD 54″ Kawasaki FX730 Zero-Turn Mower BMH54FX730","retrieved","Source image captured","Rewritten overview plus captured specification table"
"/shop/bad-boy/bad-boy-maverick-hd-54-vanguard-efi-bmh5428evg/","Product","Bad Boy Maverick HD 54″ Vanguard EFI BMH5428EVG","retrieved","Source image captured","Rewritten overview plus captured specification table"
"/shop/ferris/ferris-fw45-48-walk-behind-mower-with-centralized-controls/","Product","Ferris FW45 48″ Walk Behind Mower with Centralized Controls","retrieved","Source image captured","Rewritten overview plus captured specification table"
"/shop/ferris/ferris-srs-z1-36-soft-ride-stand-on-mower-2/","Product","Ferris SRS™ Z1 36″ Soft Ride Stand-On Mower","retrieved","Source image captured","Rewritten overview plus captured specification table"
"/shop/wright/wright-velke-hc-48-floating-deck-walk-behind-mower-fx600/","Product","Wright Velke HC 48″ Walk Behind Mower – WVHC48SFX600E1B","retrieved","Source image captured","Rewritten overview plus captured specification table"
"/shop/bad-boy/bad-boy-maverick-hd-60-kawasaki-fx730-zero-turn-mower-bmh60fx730/","Product","Bad Boy Maverick HD 60″ Kawasaki FX730 Zero-Turn Mower BMH60FX730","retrieved","Source image captured","Rewritten overview plus captured specification table"
"/shop/ferris/ferris-is-700-61-zero-turn-mower/","Product","Ferris IS 700Z 60″ Zero Turn Mower","retrieved","Source image captured","Rewritten overview plus captured specification table"
"/shop/bad-boy/bad-boy-maverick-hd-60-vanguard-efi-bmh6028evg/","Product","Bad Boy Maverick HD 60″ Vanguard EFI BMH6028EVG","retrieved","Source image captured","Rewritten overview plus captured specification table"
"/shop/exmark/exmark-48-radius-s-series-zero-turn-mower-rzs651gka48ca3/","Product","eXmark 48″ Radius S-Series Zero Turn Mower RZS651GKA48CA3","retrieved","Source image captured","Rewritten overview plus captured specification table"
"/shop/bad-boy/bad-boy-outlaw-revolt-54-stand-on-kawasaki-efi-brv54evo781/","Product","Bad Boy Revolt 54″ Stand-On Kawasaki EFI BRV54EVO781","retrieved","Source image captured","Rewritten overview plus captured specification table"
"/shop/exmark/exmark-52-turf-tracer-s-series-walk-behind-mower-tts600gka523e0/","Product","eXmark 52″ Turf Tracer S-Series Walk Behind Mower TTS600GKA523E0","retrieved","Source image captured","Rewritten overview plus captured specification table"
"/shop/exmark/exmark-48-turf-tracer-s-series-walk-behind-mower-tts481gka483n0/","Product","eXmark 48″ Turf Tracer S-Series Walk Behind Mower TTS481GKA483N0","retrieved","Source image captured","Rewritten overview plus captured specification table"
"/shop/ferris/ferris-fw45-52-walk-behind-mower-with-centralized-controls/","Product","Ferris FW45 52″ Walk Behind Mower with Centralized Controls","retrieved","Source image captured","Rewritten overview plus captured specification table"
"/shop/bad-boy/bad-boy-outlaw-revolt-61-stand-on-kawasaki-efi-brv61evo781/","Product","Bad Boy Revolt 61″ Stand-On Kawasaki EFI BRV61EVO781","retrieved","Source image captured","Rewritten overview plus captured specification table"
"/shop/hustler/hustler-fastrak-sdx-48-zero-turn-mower-941674/","Product","Hustler FasTrak SDX 48″ Zero Turn Mower – 941674","retrieved","Source image captured","Rewritten overview plus captured specification table"
"/shop/exmark/exmark-52-radius-s-series-zero-turn-mower-rzs691gka523a3/","Product","eXmark 52″ Radius S-Series Zero Turn Mower RZS691GKA523A3","retrieved","Source image captured","Rewritten overview plus captured specification table"
"/shop/hustler/hustler-fastrak-sdx-54-zero-turn-mower-941682/","Product","Hustler FasTrak SDX 54″ Zero Turn Mower – 941682","retrieved","Source image captured","Rewritten overview plus captured specification table"
"/shop/wright/wright-zts-52-zero-turn-mower-wzts52sft7301b/","Product","Wright ZTS 52″ Zero Turn Mower – WZTS52SFT7301B","retrieved","Source image captured","Rewritten overview plus captured specification table"
"/shop/wright/wright-zto-48-zero-turn-mower/","Product","Wright ZTO 48″ Zero Turn Mower – WZTO48SFX730E1B","retrieved","Source image captured","Rewritten overview plus captured specification table"
"/shop/exmark/exmark-32-vertex-e-series-stand-on-mower-vxe600gka32300/","Product","eXmark 32″ Vertex E-Series Stand On Mower VXE600GKA32300","retrieved","Source image captured","Rewritten overview plus captured specification table"
"/shop/ferris/ferris-srs-z1-48-soft-ride-stand-on-mower-2/","Product","Ferris SRS™ Z1 48″ Soft Ride Stand-On Mower","retrieved","Source image captured","Rewritten overview plus captured specification table"
"/shop/wright/wright-zts-61-zero-turn-mower-wzts61sft7301b/","Product","Wright ZTS 61″ Zero Turn Mower – WZTS61SFT7301B","retrieved","Source image captured","Rewritten overview plus captured specification table"
"/shop/wright/wright-zto-52-zero-turn-mower/","Product","Wright ZTO 52″ Zero Turn Mower – WZTO52SFX730E1B","retrieved","Source image captured","Rewritten overview plus captured specification table"
"/shop/hustler/hustler-fastrak-sdx-60-zero-turn-mower-941708/","Product","Hustler FasTrak SDX 60″ Zero Turn Mower – 941708","retrieved","Source image captured","Rewritten overview plus captured specification table"
"/shop/ferris/ferris-fw45-61-walk-behind-mower-with-centralized-controls/","Product","Ferris FW45 61″ Walk Behind Mower with Centralized Controls","retrieved","Source image captured","Rewritten overview plus captured specification table"
"/shop/ferris/ferris-srs-z1-48-soft-ride-stand-on-mower/","Product","Ferris SRS™ Z1 48″ Soft Ride Stand-On Mower","retrieved","Source image captured","Rewritten overview plus captured specification table"
"/shop/ferris/ferris-fw45-52-walk-behind-mower-with-centralized-controls-2/","Product","Ferris FW45 52″ Walk Behind Mower with Centralized Controls","retrieved","Source image captured","Rewritten overview plus captured specification table"
"/shop/exmark/exmark-52-turf-tracer-x-series-walk-behind-mower-ttx691gka52400/","Product","eXmark 52″ Turf Tracer X-Series Walk Behind Mower TTX691GKA52400","retrieved","Source image captured","Rewritten overview plus captured specification table"
"/shop/exmark/exmark-60-radius-s-series-zero-turn-mower-rzs730gka603a3/","Product","eXmark 60″ Radius S-Series Zero Turn Mower RZS730GKA603A3","retrieved","Source image captured","Rewritten overview plus captured specification table"
"/shop/wright/wright-zto-61-zero-turn-mower/","Product","Wright ZTO 61″ Zero Turn Mower – WZTO61SFX730E1B","retrieved","Source image captured","Rewritten overview plus captured specification table"
"/shop/hustler/hustler-super-s-36-stand-on-mower-940288/","Product","Hustler Super S 36″ Stand On Mower – 940288","retrieved","Source image captured","Rewritten overview plus captured specification table"
"/shop/wright/wright-stander-i-36-floating-deck-stand-on-mower/","Product","Wright Stander I 36″ Floating Deck Stand On Mower – WSTN36SFX600E1B","retrieved","Source image captured","Rewritten overview plus captured specification table"
"/shop/wright/wright-velke-lc-61-floating-deck-walk-behind-mower/","Product","Wright Velke LC 61″ Walk Behind Mower – WVLC61SFX730E1B","retrieved","Source image captured","Rewritten overview plus captured specification table"
"/shop/wright/wright-stander-i-42-floating-deck-stand-on-mower/","Product","Wright Stander I 42″ Floating Deck Stand On Mower – WSTN42SFX600E1B","retrieved","Source image captured","Rewritten overview plus captured specification table"
"/shop/ferris/ferris-isx-800-52-zero-turn-mower-4/","Product","Ferris ISX™ 800 52″ Zero Turn Mower","retrieved","Source image captured","Rewritten overview plus captured specification table"
"/shop/exmark/exmark-60-turf-tracer-x-series-walk-behind-mower-ttx691gka60400/","Product","eXmark 60″ Turf Tracer X-Series Walk Behind Mower TTX691GKA60400","retrieved","Source image captured","Rewritten overview plus captured specification table"
"/shop/bad-boy/bad-boy-outlaw-rebel-54-kawasaki-fx850-zero-turn-mower-brb54fx850/","Product","Bad Boy Outlaw Rebel 54″ Kawasaki FX850 Zero-Turn Mower BRB54FX850","retrieved","Source image captured","Rewritten overview plus captured specification table"
"/shop/wright/wright-velke-lc-52-floating-deck-walk-behind-mower/","Product","Wright Velke LC 52″ Walk Behind Mower – WVLC52SFX730E1B","retrieved","Source image captured","Rewritten overview plus captured specification table"
"/shop/exmark/exmark-36-vertex-e-series-stand-on-mower-vxe600gka36300/","Product","eXmark 36″ Vertex E-Series Stand On Mower VXE600GKA36300","retrieved","Source image captured","Rewritten overview plus captured specification table"
"/shop/wright/wright-stander-x-61-floating-deck-stand-on-mower/","Product","Wright Stander X 61″ Floating Deck Stand On Mower – WSTX61SFX730E2B","retrieved","Source image captured","Rewritten overview plus captured specification table"
"/shop/hustler/hustler-super-s-48-stand-on-mower-943126/","Product","Hustler Super S 48″ Stand On Mower – 943126","retrieved","Source image captured","Rewritten overview plus captured specification table"
"/shop/ferris/ferris-isx-800-61-zero-turn-mower-2/","Product","Ferris ISX™ 800 60″ Zero Turn Mower","retrieved","Source image captured","Rewritten overview plus captured specification table"
"/shop/bad-boy/bad-boy-outlaw-rebel-61-kawasaki-fx850-zero-turn-mower-brb61fx850/","Product","Bad Boy Outlaw Rebel 61″ Kawasaki FX850 Zero-Turn Mower BRB61FX850","retrieved","Source image captured","Rewritten overview plus captured specification table"
"/shop/exmark/exmark-48-lazer-z-e-series-zero-turn-mower-lre730gka48da3/","Product","eXmark 48″ Lazer Z E-Series Zero Turn Mower LRE730GKA48DA3","retrieved","Source image captured","Rewritten overview plus captured specification table"
"/shop/ferris/ferris-isx-800-60-zero-turn-mower/","Product","Ferris ISX™ 800 60″ Zero Turn Mower","retrieved","No source image","Rewritten overview plus captured specification table"
"/shop/wright/wright-stander-x-48-floating-deck-stand-on-mower/","Product","Wright Stander X 48″ Floating Deck Stand On Mower – WSTX48SFX730E2B","retrieved","Source image captured","Rewritten overview plus captured specification table"
"/shop/bad-boy/bad-boy-rebel-54-kawasaki-efi-zero-turn-mower-brb54evo781/","Product","Bad Boy Rebel 54″ Kawasaki EFI Zero-Turn Mower BRB54EVO781","search_index","No source image","Rewritten overview plus captured specification table"
"/shop/wright/wright-stander-x-52-floating-deck-stand-on-mower/","Product","Wright Stander X 52″ Floating Deck Stand On Mower – WSTX52SFX730E2B","retrieved","Source image captured","Rewritten overview plus captured specification table"
"/shop/ferris/ferris-isx-800-61-zero-turn-mower/","Product","Ferris ISX™ 800 60″ Zero Turn Mower","retrieved","Source image captured","Rewritten overview plus captured specification table"
"/shop/exmark/exmark-52-lazer-z-e-series-zero-turn-mower-lre730gka524a3/","Product","eXmark 52″ Lazer Z E-Series Zero Turn Mower LRE730GKA524A3","retrieved","Source image captured","Rewritten overview plus captured specification table"
"/shop/hustler/hustler-super-s-52-kawasaki-stand-on-mower-943134/","Product","Hustler Super S 52″ Kawasaki Stand On Mower – 943134","retrieved","Source image captured","Rewritten overview plus captured specification table"
"/shop/bad-boy/bad-boy-outlaw-rebel-61-kawasaki-fx1000-zero-turn-mower-brb6135ka/","Product","Bad Boy Outlaw Rebel 61″ Kawasaki FX1000 Zero-Turn Mower BRB6135KA","retrieved","Source image captured","Rewritten overview plus captured specification table"
"/shop/bad-boy/bad-boy-rebel-61-kawasaki-efi-zero-turn-mower-brb61evo820/","Product","Bad Boy Rebel 61″ Kawasaki EFI Zero-Turn Mower BRB61EVO820","unavailable","No source image","Listing facts only; original detail unavailable or redirected"
"/shop/exmark/exmark-52-turf-tracer-x-series-walk-behind-mower-ttx730ekc52400/","Product","eXmark 52″ Turf Tracer X-Series Walk Behind Mower TTX730EKC52400","retrieved","Source image captured","Rewritten overview plus captured specification table"
"/shop/cub-cadet/cub-cadet-pro-x-660-commercial-stand-on-mower-2/","Product","Cub Cadet PRO X 660 Commercial Stand-On Mower","unavailable","No source image","Listing facts only; original detail unavailable or redirected"
"/shop/bad-boy/bad-boy-outlaw-rebel-72-kawasaki-evo820-efi-zero-turn-mower-brb72evo820/","Product","Bad Boy Rebel 72″ Kawasaki EFI Zero-Turn Mower BRB72EVO820","retrieved","Source image captured","Rewritten overview plus captured specification table"
"/shop/exmark/exmark-60-lazer-z-e-series-zero-turn-mower-lre730gka604a3/","Product","eXmark 60″ Lazer Z E-Series Zero Turn Mower LRE730GKA604A3","retrieved","Source image captured","Rewritten overview plus captured specification table"
"/shop/exmark/exmark-60-lazer-z-e-series-zero-turn-mower-lre810gbv604a3/","Product","eXmark 60″ Lazer Z E-Series Zero Turn Mower LRE810GBV604A3","retrieved","Source image captured","Rewritten overview plus captured specification table"
"/shop/bad-boy/bad-boy-outlaw-rebel-72-kawasaki-fx1000-zero-turn-mower-brb7235ka/","Product","Bad Boy Outlaw Rebel 72″ Kawasaki FX1000 Zero-Turn Mower BRB7235KA","retrieved","Source image captured","Rewritten overview plus captured specification table"
"/shop/hustler/hustler-super-s-60-kawasaki-stand-on-mower-943167/","Product","Hustler Super S 60″ Kawasaki Stand On Mower – 943167","retrieved","Source image captured","Rewritten overview plus captured specification table"
"/shop/ferris/ferris-isx-800-61-zero-turn-mower-efi-model/","Product","Ferris ISX™ 800 60″ Zero Turn Mower – EFI Model","retrieved","Source image captured","Rewritten overview plus captured specification table"
"/shop/exmark/exmark-60-turf-tracer-x-series-walk-behind-mower-ttx730ekc60400/","Product","eXmark 60″ Turf Tracer X-Series Walk Behind Mower TTX730EKC60400","retrieved","Source image captured","Rewritten overview plus captured specification table"
"/shop/exmark/exmark-52-lazer-z-e-series-zero-turn-mower-lre801gka524a3/","Product","eXmark 52″ Lazer Z E-Series Zero Turn Mower LRE801GKA524A3","retrieved","Source image captured","Rewritten overview plus captured specification table"
"/shop/bad-boy/bad-boy-rebel-x-61-vanguard-efi-zero-turn-mower-brbx6137vg/","Product","Bad Boy Rebel X 61″ Vanguard EFI Zero-Turn Mower BRBX6137VG","retrieved","Source image captured","Rewritten overview plus captured specification table"
"/shop/wright/wright-stander-lg-52-stand-on-mower-wslg52sfx8501b/","Product","Wright Stander LG 52″ Stand On Mower – WSLG52SFX8501B","retrieved","Source image captured","Rewritten overview plus captured specification table"
"/shop/wright/wright-zxl-52-zero-turn-mower-wzxl52sfx850e1b/","Product","Wright ZXL 52″ Zero Turn Mower – WZXL52SFX850E1B","retrieved","Source image captured","Rewritten overview plus captured specification table"
"/shop/bad-boy/bad-boy-rebel-x-72-vanguard-efi-zero-turn-mower-brbx7237vg/","Product","Bad Boy Rebel X 72″ Vanguard EFI Zero-Turn Mower BRBX7237VG","retrieved","Source image captured","Rewritten overview plus captured specification table"
"/shop/exmark/exmark-60-lazer-z-e-series-zero-turn-mower-lre801gka604a3/","Product","eXmark 60″ Lazer Z E-Series Zero Turn Mower LRE801GKA604A3","retrieved","Source image captured","Rewritten overview plus captured specification table"
"/shop/bad-boy/bad-boy-rebel-x-61-kawasaki-efi-zero-turn-mower-brbx61385ka/","Product","Bad Boy Rebel X 61″ Kawasaki EFI Zero-Turn Mower BRBX61385KA","retrieved","Source image captured","Rewritten overview plus captured specification table"
"/shop/hustler/hustler-super-s-52-kawasaki-efi-stand-on-mower-943142/","Product","Hustler Super S 52″ Kawasaki EFI Stand On Mower – 943142","retrieved","Source image captured","Rewritten overview plus captured specification table"
"/shop/ferris/ferris-srs-z2-61-soft-ride-stand-on-mower/","Product","Ferris SRS™ Z2 60″ Soft Ride Stand-On Mower","retrieved","Source image captured","Rewritten overview plus captured specification table"
"/shop/wright/wright-stander-lg-61-stand-on-mower-wslg61sfx8501b/","Product","Wright Stander LG 61″ Stand On Mower – WSLG61SFX8501B","retrieved","Source image captured","Rewritten overview plus captured specification table"
"/shop/wright/wright-zxl-61-zero-turn-mower-wzxl61sfx850e1b/","Product","Wright ZXL 61″ Zero Turn Mower – WZXL61SFX850E1B","retrieved","Source image captured","Rewritten overview plus captured specification table"
"/shop/exmark/exmark-52-radius-x-series-zero-turn-mower-rzx801gka524a3/","Product","eXmark 52″ Radius X-Series Zero Turn Mower RZX801GKA524A3","retrieved","Source image captured","Rewritten overview plus captured specification table"
"/shop/bad-boy/bad-boy-rebel-x-72-kawasaki-efi-zero-turn-mower-brbx72385ka/","Product","Bad Boy Rebel X 72″ Kawasaki EFI Zero-Turn Mower BRBX72385KA","retrieved","Source image captured","Rewritten overview plus captured specification table"
"/shop/bad-boy/bad-boy-rebel-x-61-vanguard-efi-zero-turn-mower-brbxt6137vg/","Product","Bad Boy Rebel X 61″ Vanguard EFI Zero-Turn Mower BRBXT6137VG","retrieved","Source image captured","Rewritten overview plus captured specification table"
"/shop/bad-boy/bad-boy-revolt-x-54-stand-on-kawasaki-efi-brvx54evo781/","Product","Bad Boy Revolt X 54″ Stand-On Kawasaki EFI – BRVX54EVO781","unavailable","No source image","Listing facts only; original detail unavailable or redirected"
"/shop/bad-boy/bad-boy-rebel-x-72-vanguard-efi-zero-turn-mower-brbxt7237vg/","Product","Bad Boy Rebel X 72″ Vanguard EFI Zero-Turn Mower BRBXT7237VG","retrieved","Source image captured","Rewritten overview plus captured specification table"
"/shop/wright/wright-zxl-61-efi-zero-turn-mower-2/","Product","Wright ZXL 61″ EFI Zero Turn Mower – WZXL61S61E8E1B","retrieved","Source image captured","Rewritten overview plus captured specification table"
"/shop/hustler/hustler-super-s-60-kawasaki-efi-stand-on-mower-943175/","Product","Hustler Super S 60″ Kawasaki EFI Stand On Mower – 943175","retrieved","Source image captured","Rewritten overview plus captured specification table"
"/shop/exmark/exmark-60-turf-tracer-x-series-walk-behind-mower-ttx730ekc604n0/","Product","eXmark 60″ Turf Tracer X-Series Walk Behind Mower TTX730EKC604N0","retrieved","Source image captured","Rewritten overview plus captured specification table"
"/shop/bad-boy/bad-boy-revolt-x-61-stand-on-kawasaki-efi-brvx61385ka/","Product","Bad Boy Revolt X 61″ Stand-On Kawasaki EFI – BRVX61385KA","retrieved","Source image captured","Rewritten overview plus captured specification table"
"/shop/bad-boy/bad-boy-revolt-x-61-stand-on-vanguard-efi-brvx6140evg/","Product","Bad Boy Revolt X 61″ Stand-On Vanguard EFI – BRVX6140EVG","unavailable","No source image","Listing facts only; original detail unavailable or redirected"
"/shop/exmark/exmark-48-vertex-s-series-stand-on-mower-vxs730gka48400/","Product","eXmark 48″ Vertex S-Series Stand On Mower VXS730GKA48400","retrieved","Source image captured","Rewritten overview plus captured specification table"
"/shop/bad-boy/bad-boy-rogue-61-kawasaki-zero-turn-mower-brg61rd35ka/","Product","Bad Boy Rogue 61″ Kawasaki Zero-Turn Mower BRG61RD35KA","retrieved","Source image captured","Rewritten overview plus captured specification table"
"/shop/bad-boy/bad-boy-revolt-x-72-stand-on-kawasaki-efi-brvx72385ka/","Product","Bad Boy Revolt X 72″ Stand-On Kawasaki EFI – BRVX72385KA","retrieved","Source image captured","Rewritten overview plus captured specification table"
"/shop/bad-boy/bad-boy-revolt-x-72-stand-on-vanguard-efi-brvx7240evg/","Product","Bad Boy Revolt X 72″ Stand-On Vanguard EFI – BRVX7240EVG","retrieved","Source image captured","Rewritten overview plus captured specification table"
"/shop/hustler/hustler-x-one-52-kawasaki-zero-turn-mower-941831/","Product","Hustler X-One 52″ Kawasaki Zero Turn Mower – 941831","retrieved","Source image captured","Rewritten overview plus captured specification table"
"/shop/hustler/hustler-x-one-52-kawasaki-zero-turn-mower-943787/","Product","Hustler X-One 52″ Kawasaki Zero Turn Mower – 943787","retrieved","Source image captured","Rewritten overview plus captured specification table"
"/shop/ferris/ferris-procut-s-61-front-mount-mower-2/","Product","Ferris ProCut™ S 61″ Front Mount Mower","retrieved","Source image captured","Rewritten overview plus captured specification table"
"/shop/exmark/exmark-52-vertex-s-series-stand-on-mower-vxs730gka52400/","Product","eXmark 52″ Vertex S-Series Stand On Mower VXS730GKA52400","retrieved","Source image captured","Rewritten overview plus captured specification table"
"/shop/exmark/exmark-60-radius-x-series-zero-turn-mower-rzx921gka604a3/","Product","eXmark 60″ Radius X-Series Zero Turn Mower RZX921GKA604A3","retrieved","Source image captured","Rewritten overview plus captured specification table"
"/shop/hustler/hustler-x-one-60-kawasaki-zero-turn-mower-943795/","Product","Hustler X-One 60″ Kawasaki Zero Turn Mower – 943795","retrieved","Source image captured","Rewritten overview plus captured specification table"
"/shop/bad-boy/bad-boy-10-series-1022-sub-compact-tractor-w-industrial-tires-bb1022hi/","Product","Ask About Cash Discount Bad Boy 10 Series 1022 Sub-Compact Tractor w/ Industrial Tires – BB1022HI","retrieved","Source image captured","Rewritten overview plus captured specification table"
"/shop/bad-boy/bad-boy-rogue-72-kawasaki-zero-turn-mower-brg72rd35ka/","Product","Bad Boy Rogue 72″ Kawasaki Zero-Turn Mower BRG72RD35KA","retrieved","Source image captured","Rewritten overview plus captured specification table"
"/shop/exmark/exmark-48-vertex-s-series-stand-on-mower-vxs740ekc48400/","Product","eXmark 48″ Vertex S-Series Stand On Mower VXS740EKC48400","retrieved","Source image captured","Rewritten overview plus captured specification table"
"/shop/hustler/hustler-x-one-60-kawasaki-efi-zero-turn-mower-941898/","Product","Hustler X-One 60″ Kawasaki EFI Zero Turn Mower – 941898","retrieved","Source image captured","Rewritten overview plus captured specification table"
"/shop/bad-boy/bandit-550cc-eps-camo-buv550org/","Product","Bandit 550cc EPS Orange – BUV550ORG","retrieved","Source image captured","Rewritten overview plus captured specification table"
"/shop/bad-boy/bad-boy-rogue-54-kawasaki-zero-turn-mower-brg5435ka/","Product","Bad Boy Rogue 54″ Kawasaki Zero-Turn Mower BRG5435KA","retrieved","Source image captured","Rewritten overview plus captured specification table"
"/shop/hustler/hustler-x-one-54-kawasaki-rear-discharge-zero-turn-mower-943837/","Product","Hustler X-One 54″ Kawasaki Rear Discharge Zero Turn Mower – 943837","retrieved","Source image captured","Rewritten overview plus captured specification table"
"/shop/wright/wright-stander-zk-52-floating-deck-stand-on-mower/","Product","Wright Stander ZK 52″ Floating Deck Stand On Mower – WSZK52SFX850E 49S","retrieved","Source image captured","Rewritten overview plus captured specification table"
"/shop/bad-boy/bad-boy-rebel-x-61-kawasaki-efi-zero-turn-mower-brbxt61385ka/","Product","Bad Boy Rebel X 61″ Kawasaki EFI Zero-Turn Mower BRBXT61385KA","retrieved","Source image captured","Rewritten overview plus captured specification table"
"/shop/bad-boy/bad-boy-outlaw-rogue-61-kawasaki-fx1000-zero-turn-mower-brg6135ka/","Product","Bad Boy Rogue 61″ Kawasaki FX1000 Zero-Turn Mower BRG6135KA","retrieved","Source image captured","Rewritten overview plus captured specification table"
"/shop/exmark/exmark-60-vertex-s-series-stand-on-mower-vxs730gka60400/","Product","eXmark 60″ Vertex S-Series Stand On Mower VXS730GKA60400","retrieved","Source image captured","Rewritten overview plus captured specification table"
"/shop/hustler/hustler-x-one-72-kawasaki-zero-turn-mower-941872/","Product","Hustler X-One 72″ Kawasaki Zero Turn Mower – 941872","retrieved","Source image captured","Rewritten overview plus captured specification table"
"/shop/hustler/hustler-x-one-72-kawasaki-zero-turn-mower-943811/","Product","Hustler X-One 72″ Kawasaki Zero Turn Mower – 943811","retrieved","Source image captured","Rewritten overview plus captured specification table"
"/shop/bad-boy/bad-boy-rebel-x-72-kawasaki-efi-zero-turn-mower-brbxt72385ka/","Product","Bad Boy Rebel X 72″ Kawasaki EFI Zero-Turn Mower BRBXT72385KA","retrieved","Source image captured","Rewritten overview plus captured specification table"
"/shop/bad-boy/bandit-550cc-eps-camo-buv550cam/","Product","Bandit 550cc EPS Camo – BUV550CAM","retrieved","Source image captured","Rewritten overview plus captured specification table"
"/shop/hustler/hustler-x-one-60-kawasaki-rear-discharge-zero-turn-mower-943845/","Product","Hustler X-One 60″ Kawasaki Rear Discharge Zero Turn Mower – 943845","retrieved","Source image captured","Rewritten overview plus captured specification table"
"/shop/exmark/exmark-60-lazer-z-e-series-zero-turn-mower-lre921gka604a3/","Product","eXmark 60″ Lazer Z E-Series Zero Turn Mower LRE921GKA604A3","retrieved","Source image captured","Rewritten overview plus captured specification table"
"/shop/bad-boy/bad-boy-outlaw-rogue-72-kawasaki-fx1000-zero-turn-mower-brg7235ka/","Product","Bad Boy Rogue 72″ Kawasaki FX1000 Zero-Turn Mower BRG7235KA","retrieved","Source image captured","Rewritten overview plus captured specification table"
"/shop/bad-boy/bad-boy-rogue-61-vanguard-efi-zero-turn-mower-brg6140evg/","Product","Bad Boy Rogue 61″ Vanguard EFI Zero-Turn Mower BRG6140EVG","retrieved","Source image captured","Rewritten overview plus captured specification table"
"/shop/bad-boy/bad-boy-rogue-61-kohler-efi-zero-turn-mower-brg61ecv980/","Product","Bad Boy Rogue 61″ Kohler EFI Zero-Turn Mower BRG61ECV980","retrieved","Source image captured","Rewritten overview plus captured specification table"
"/shop/exmark/exmark-52-vertex-s-series-stand-on-mower-vxs740ekc52400/","Product","eXmark 52″ Vertex S-Series Stand On Mower VXS740EKC52400","retrieved","Source image captured","Rewritten overview plus captured specification table"
"/shop/wright/wright-stander-zk-61-floating-deck-stand-on-mower/","Product","Wright Stander ZK 61″ Floating Deck Stand On Mower – WSZK61SFX850E","retrieved","Source image captured","Rewritten overview plus captured specification table"
"/shop/ferris/ferris-isx-2200-60-efi-zero-turn-mowers/","Product","Ferris ISX™ 2200 60″ EFI Zero Turn Mowers","retrieved","No source image","Rewritten overview plus captured specification table"
"/shop/bad-boy/bad-boy-rogue-72-vanguard-efi-zero-turn-mower-brg7240evg/","Product","Bad Boy Rogue 72″ Vanguard EFI Zero-Turn Mower BRG7240EVG","retrieved","Source image captured","Rewritten overview plus captured specification table"
"/shop/wright/wright-stander-zk-52-efi-floating-deck-stand-on-mower/","Product","Wright Stander ZK 52″ EFI Floating Deck Stand On Mower -WSZK52S61E8E2B","retrieved","Source image captured","Rewritten overview plus captured specification table"
"/shop/bad-boy/bad-boy-revolt-x-54-stand-on-kawasaki-efi-brvxt54evo781/","Product","Bad Boy Revolt X 54″ Stand-On Kawasaki EFI BRVXT54EVO781","retrieved","Source image captured","Rewritten overview plus captured specification table"
"/shop/hustler/hustler-x-one-60-kawasaki-evo-efi-zero-turn-mower-943803/","Product","Hustler X-One 60″ Kawasaki EVO EFI Zero Turn Mower – 943803","retrieved","Source image captured","Rewritten overview plus captured specification table"
"/shop/exmark/exmark-60-lazer-z-s-series-zero-turn-mower-lrs801gka604a1/","Product","eXmark 60″ Lazer Z S-Series Zero Turn Mower LRS801GKA604A1","retrieved","No source image","Rewritten overview plus captured specification table"
"/shop/wright/wright-stander-zk-52-floating-deck-stand-on-mower-40-hp/","Product","Wright Stander ZK 52″ EFI Floating Deck Stand On Mower – WSZK52S61G82B","retrieved","Source image captured","Rewritten overview plus captured specification table"
"/shop/bad-boy/bad-boy-rogue-72-kohler-efi-zero-turn-mower-brg72ecv980/","Product","Bad Boy Rogue 72″ Kohler EFI Zero-Turn Mower BRG72ECV980","retrieved","Source image captured","Rewritten overview plus captured specification table"
"/shop/wright/wright-zxl-52-zero-turn-mower-wzxl52sfx8201b/","Product","Wright ZXL 52″ Zero Turn Mower – WZXL52SFX8201B","retrieved","Source image captured","Rewritten overview plus captured specification table"
"/shop/wright/wright-stander-lg-52-stand-on-mower-wslg52sfx8201b/","Product","Wright Stander LG 52″ Stand On Mower – WSLG52SFX8201B","retrieved","Source image captured","Rewritten overview plus captured specification table"
"/shop/bad-boy/bad-boy-outlaw-rogue-61-kawasaki-fx1000-efi-zero-turn-mower-brg61385ka/","Product","Bad Boy Rogue 61″ Kawasaki FX1000 EFI Zero-Turn Mower BRG61385KA","retrieved","Source image captured","Rewritten overview plus captured specification table"
"/shop/bad-boy/bad-boy-rogue-61-kawasaki-zero-turn-mower-brg61rd385ka/","Product","Bad Boy Rogue 61″ Kawasaki Zero-Turn Mower BRG61RD385KA","retrieved","Source image captured","Rewritten overview plus captured specification table"
"/shop/bad-boy/bad-boy-rogue-72-kawasaki-zero-turn-mower-brg72rd385ka/","Product","Bad Boy Rogue 72″ Kawasaki Zero-Turn Mower BRG72RD385KA","retrieved","Source image captured","Rewritten overview plus captured specification table"
"/shop/bad-boy/bad-boy-revolt-x-61-stand-on-vanguard-efi-brvxt6140evg/","Product","Bad Boy Revolt X 61″ Stand-On Vanguard EFI – BRVXT6140EVG","retrieved","Source image captured","Rewritten overview plus captured specification table"
"/shop/ferris/ferris-srs-z3x-61-soft-ride-stand-on-mower-2/","Product","Ferris SRS™ Z3X 60″ Soft Ride Stand-On Mower","retrieved","Source image captured","Rewritten overview plus captured specification table"
"/shop/wright/wright-zxl-61-zero-turn-mower-wzxl61sfx8201b/","Product","Wright ZXL 61″ Zero Turn Mower – WZXL61SFX8201B","retrieved","Source image captured","Rewritten overview plus captured specification table"
"/shop/wright/wright-stander-lg-61-stand-on-mower-wslg61sfx8201b/","Product","Wright Stander LG 61″ Stand On Mower – WSLG61SFX8201B","retrieved","Source image captured","Rewritten overview plus captured specification table"
"/shop/exmark/exmark-60-vertex-s-series-stand-on-mower-vxs740ekc60400/","Product","eXmark 60″ Vertex S-Series Stand On Mower VXS740EKC60400","retrieved","Source image captured","Rewritten overview plus captured specification table"
"/shop/wright/wright-stander-zk-61-floating-deck-stand-on-mower-40hp/","Product","Wright Stander ZK 61″ EFI Floating Deck Stand On Mower – WSZK61S61G82B","retrieved","Source image captured","Rewritten overview plus captured specification table"
"/shop/bad-boy/bad-boy-outlaw-rogue-72-kawasaki-fx1000-efi-zero-turn-mower-brg72385ka/","Product","Bad Boy Rogue 72″ Kawasaki FX1000 EFI Zero-Turn Mower BRG72385KA","retrieved","Source image captured","Rewritten overview plus captured specification table"
"/shop/ferris/ferris-isx-2200-61-zero-turn-mowers/","Product","Ferris ISX™ 2200 60″ Zero Turn Mowers","retrieved","Source image captured","Rewritten overview plus captured specification table"
"/shop/hustler/hustler-x-one-72-kawasaki-evo-efi-zero-turn-mower-943829/","Product","Hustler X-One 72″ Kawasaki EVO EFI Zero Turn Mower – 943829","retrieved","Source image captured","Rewritten overview plus captured specification table"
"/shop/exmark/exmark-72-lazer-z-s-series-zero-turn-mower-lrs801gka724a1/","Product","eXmark 72″ Lazer Z S-Series Zero Turn Mower LRS801GKA724A1","retrieved","No source image","Rewritten overview plus captured specification table"
"/shop/bad-boy/bad-boy-revolt-x-61-stand-on-kawasaki-efi-brvxt61385ka/","Product","Bad Boy Revolt X 61″ Stand-On Kawasaki EFI BRVXT61385KA","retrieved","Source image captured","Rewritten overview plus captured specification table"
"/shop/bad-boy/bad-boy-revolt-x-72-stand-on-vanguard-efi-brvxt7240evg/","Product","Bad Boy Revolt X 72″ Stand-On Vanguard EFI – BRVXT7240EVG","retrieved","Source image captured","Rewritten overview plus captured specification table"
"/shop/bad-boy/bandit-750cc-eps-orange-buv750org/","Product","Bandit 750cc EPS Orange – BUV750ORG","retrieved","Source image captured","Rewritten overview plus captured specification table"
"/shop/bad-boy/bad-boy-revolt-x-72-stand-on-kawasaki-efi-brvxt72385ka/","Product","Bad Boy Revolt X 72″ Stand-On Kawasaki EFI – BRVXT72385KA","retrieved","Source image captured","Rewritten overview plus captured specification table"
"/shop/bad-boy/bandit-750cc-eps-camo-buv750cam/","Product","Bandit 750cc EPS Camo – BUV750CAM","retrieved","Source image captured","Rewritten overview plus captured specification table"
"/shop/exmark/exmark-52-vertex-x-series-stand-on-mower-vxx999gka52600/","Product","eXmark 52″ Vertex X-Series Stand On Mower VXX999GKA52600","retrieved","No source image","Rewritten overview plus captured specification table"
"/shop/wright/wright-stander-zk-72-floating-deck-stand-on-mower-40hp/","Product","Wright Stander ZK 72″ EFI Floating Deck Stand On Mower – WSZK72S61G82B","retrieved","Source image captured","Rewritten overview plus captured specification table"
"/shop/bad-boy/bad-boy-renegade-61-kohler-efi-zero-turn-mower-brn61ech980/","Product","Bad Boy Renegade 61″ Kohler EFI Zero-Turn Mower BRN61ECH980","retrieved","Source image captured","Rewritten overview plus captured specification table"
"/shop/ferris/ferris-srs-z3x-72-soft-ride-stand-on-mower/","Product","Ferris SRS™ Z3X 72″ Soft Ride Stand-On Mower","retrieved","Source image captured","Rewritten overview plus captured specification table"
"/shop/bad-boy/bad-boy-renegade-72-kohler-efi-zero-turn-mower-brn72ech980/","Product","Bad Boy Renegade 72″ Kohler EFI Zero-Turn Mower BRN72ECH980","retrieved","Source image captured","Rewritten overview plus captured specification table"
"/shop/exmark/exmark-60-vertex-x-series-stand-on-mower-vxx999gka60600/","Product","eXmark 60″ Vertex X-Series Stand On Mower VXX999GKA60600","retrieved","Source image captured","Rewritten overview plus captured specification table"
"/shop/hustler/hustler-super-z-54-kawasaki-zero-turn-mower-942805/","Product","Hustler Super Z 54″ Kawasaki Zero Turn Mower – 942805","retrieved","Source image captured","Rewritten overview plus captured specification table"
"/shop/wright/wright-stander-zk-52-efi-floating-deck-stand-on-mower-wszk52sfx8203b/","Product","Pick Your Promo! Wright Stander ZK 52″ EFI Floating Deck Stand On Mower – WSZK52SFX8203B","retrieved","Source image captured","Rewritten overview plus captured specification table"
"/shop/hustler/hustler-super-z-54-kawasaki-zero-turn-mower-943852/","Product","Hustler Super Z 54″ Kawasaki Zero Turn Mower – 943852","retrieved","Source image captured","Rewritten overview plus captured specification table"
"/shop/hustler/hustler-super-z-60-kawasaki-zero-turn-mower-942813/","Product","Hustler Super Z 60″ Kawasaki Zero Turn Mower – 942813","retrieved","Source image captured","Rewritten overview plus captured specification table"
"/shop/hustler/hustler-super-z-60-kawasaki-zero-turn-mower-943860/","Product","Hustler Super Z 60″ Kawasaki Zero Turn Mower -943860","retrieved","Source image captured","Rewritten overview plus captured specification table"
"/shop/exmark/exmark-72-vertex-x-series-stand-on-mower-vxx999gka72600/","Product","eXmark 72″ Vertex X-Series Stand On Mower VXX999GKA72600","retrieved","Source image captured","Rewritten overview plus captured specification table"
"/shop/exmark/exmark-52-lazer-z-s-series-zero-turn-mower-lrs749akc524a2/","Product","eXmark 52″ Lazer Z S-Series Zero Turn Mower LRS749AKC524A2","retrieved","Source image captured","Rewritten overview plus captured specification table"
"/shop/hustler/hustler-super-sf-60-kawasaki-efi-stand-on-mower-943506/","Product","Hustler Super SF 60″ Kawasaki EFI Stand On Mower – 943506","retrieved","Source image captured","Rewritten overview plus captured specification table"
"/shop/hustler/hustler-x-ride-60-kawasaki-efi-zero-turn-mower-944074/","Product","Hustler X-Ride 60″ Kawasaki EFI Zero Turn Mower – 944074","retrieved","Source image captured","Rewritten overview plus captured specification table"
"/shop/wright/wright-stander-zk-52-efi-floating-deck-stand-on-mower-wszk52s61g83b/","Product","Pick Your Promo! Wright Stander ZK 52″ EFI Floating Deck Stand On Mower – WSZK52S61G83B","retrieved","Source image captured","Rewritten overview plus captured specification table"
"/shop/wright/wright-stander-zk-61-efi-floating-deck-stand-on-mower-wszk61sfx8203b/","Product","Pick Your Promo! Wright Stander ZK 61″ EFI Floating Deck Stand On Mower – WSZK61SFX8203B","retrieved","Source image captured","Rewritten overview plus captured specification table"
"/shop/bad-boy/bad-boy-10-series-1025-sub-compact-tractor-w-industrial-tires-bb1025hi/","Product","Ask About Cash Discount Bad Boy 10 Series 1025 Sub-Compact Tractor w/ Industrial Tires – BB1025HI","retrieved","No source image","Rewritten overview plus captured specification table"
"/shop/hustler/hustler-super-z-60-kawasaki-fx1000-zero-turn-mower-943886/","Product","Hustler Super Z 60″ Kawasaki FX1000 Zero Turn Mower – 943886","retrieved","Source image captured","Rewritten overview plus captured specification table"
"/shop/wright/wright-stander-zk-61-efi-floating-deck-stand-on-mower-wszk61s61g83b/","Product","Pick Your Promo! Wright Stander ZK 61″ EFI Floating Deck Stand On Mower – WSZK61S61G83B","retrieved","Source image captured","Rewritten overview plus captured specification table"
"/shop/bad-boy/bad-boy-10-series-1022-sub-compact-tractor-w-loader-bb1022hil/","Product","Ask About Cash Discount Bad Boy 10 Series 1022 Sub-Compact Tractor w/ Loader – BB1022HIL","retrieved","Source image captured","Rewritten overview plus captured specification table"
"/shop/bad-boy/bandit-750cc-eps-orange-buv750crorg/","Product","Bandit 750cc EPS Orange – BUV750CRORG","retrieved","Source image captured","Rewritten overview plus captured specification table"
"/shop/exmark/exmark-52-vertex-x-series-stand-on-mower-vxx999eka52600/","Product","eXmark 52″ Vertex X-Series Stand On Mower VXX999EKA52600","retrieved","No source image","Rewritten overview plus captured specification table"
"/shop/exmark/exmark-60-lazer-z-s-series-zero-turn-mower-lrs749akc604a1/","Product","eXmark 60″ Lazer Z S-Series Zero Turn Mower LRS749AKC604A1","retrieved","Source image captured","Rewritten overview plus captured specification table"
"/shop/hustler/hustler-super-sf-72-kawasaki-efi-stand-on-mower-943514/","Product","Hustler Super SF 72″ Kawasaki EFI Stand On Mower – 943514","retrieved","Source image captured","Rewritten overview plus captured specification table"
"/shop/bad-boy/bandit-750cc-eps-camo-buv750crcam/","Product","Bandit 750cc EPS Camo – BUV750CRCAM","retrieved","Source image captured","Rewritten overview plus captured specification table"
"/shop/wright/wright-stander-zk-72-efi-floating-deck-stand-on-mower-wszk72sfx8203b/","Product","Pick Your Promo! Wright Stander ZK 72″ EFI Floating Deck Stand On Mower – WSZK72SFX8203B","retrieved","Source image captured","Rewritten overview plus captured specification table"
"/shop/hustler/hustler-super-z-72-kawasaki-zero-turn-mower-943928/","Product","Hustler Super Z 72″ Kawasaki Zero Turn Mower – 943928","retrieved","Source image captured","Rewritten overview plus captured specification table"
"/shop/hustler/hustler-super-z-60-kawasaki-rear-discharge-zero-turn-mower-943910/","Product","Hustler Super Z 60″ Kawasaki Rear Discharge Zero Turn Mower – 943910","retrieved","Source image captured","Rewritten overview plus captured specification table"
"/shop/wright/wright-stander-zk-72-efi-floating-deck-stand-on-mower-wszk72s61g83b/","Product","Pick Your Promo! Wright Stander ZK 72″ EFI Floating Deck Stand On Mower – WSZK72S61G83B","retrieved","Source image captured","Rewritten overview plus captured specification table"
"/shop/exmark/exmark-60-vertex-x-series-stand-on-mower-vxx999eka60600/","Product","eXmark 60″ Vertex X-Series Stand On Mower VXX999EKA60600","retrieved","No source image","Rewritten overview plus captured specification table"
"/shop/exmark/exmark-72-lazer-z-s-series-zero-turn-mower-lrs749akc724a1/","Product","eXmark 72″ Lazer Z S-Series Zero Turn Mower LRS749AKC724A1","retrieved","No source image","Rewritten overview plus captured specification table"
"/shop/hustler/hustler-super-z-60-kawasaki-efi-zero-turn-mower-942854/","Product","Hustler Super Z 60″ Kawasaki EFI Zero Turn Mower – 942854","retrieved","Source image captured","Rewritten overview plus captured specification table"
"/shop/hustler/hustler-super-z-60-kawasaki-fx1000-efi-zero-turn-mower-943894/","Product","Hustler Super Z 60″ Kawasaki FX1000 EFI Zero Turn Mower – 943894","retrieved","Source image captured","Rewritten overview plus captured specification table"
"/shop/exmark/exmark-60-lazer-z-s-series-zero-turn-mower-lrs801gka60ra1/","Product","eXmark 60″ Lazer Z S-Series Zero Turn Mower LRS801GKA60RA1","retrieved","No source image","Rewritten overview plus captured specification table"
"/shop/hustler/hustler-super-z-72-kawasaki-rear-discharge-zero-turn-mower-943944/","Product","Hustler Super Z 72″ Kawasaki Rear Discharge Zero Turn Mower – 943944","retrieved","Source image captured","Rewritten overview plus captured specification table"
"/shop/exmark/exmark-52-lazer-z-x-series-zero-turn-mower-lrx801gka526q1/","Product","eXmark 52″ Lazer Z X-Series Zero Turn Mower – LRX801GKA526Q1","retrieved","Source image captured","Rewritten overview plus captured specification table"
"/shop/wright/wright-zxt-52-efi-zero-turn-mower-wzxt52sfxt001b/","Product","Wright ZXT 52″ EFI Zero Turn Mower – WZXT52SFXT001B","retrieved","Source image captured","Rewritten overview plus captured specification table"
"/shop/hustler/hustler-super-z-72-kawasaki-efi-zero-turn-mower-943936/","Product","Hustler Super Z 72″ Kawasaki EFI Zero Turn Mower – 943936","retrieved","Source image captured","Rewritten overview plus captured specification table"
"/shop/exmark/exmark-60-lazer-z-x-series-zero-turn-mower-lrx801gka606q1/","Product","eXmark 60″ Lazer Z X-Series Zero Turn Mower – LRX801GKA606Q1","retrieved","Source image captured","Rewritten overview plus captured specification table"
"/shop/exmark/exmark-72-vertex-x-series-stand-on-mower-vxx999eka72600/","Product","eXmark 72″ Vertex X-Series Stand On Mower VXX999EKA72600","retrieved","Source image captured","Rewritten overview plus captured specification table"
"/shop/exmark/exmark-72-lazer-z-s-series-zero-turn-mower-lrs801gka72ra1/","Product","eXmark 72″ Lazer Z S-Series Zero Turn Mower LRS801GKA72RA1","retrieved","Source image captured","Rewritten overview plus captured specification table"
"/shop/wright/wright-zxt-52-efi-zero-turn-mower/","Product","Wright ZXT 52″ EFI Zero Turn Mower – WZXT52S61G8E1B","retrieved","Source image captured","Rewritten overview plus captured specification table"
"/shop/hustler/hustler-hyperdrive-60-kawasaki-zero-turn-mower-943969/","Product","Hustler HyperDrive 60″ Kawasaki Zero Turn Mower – 943969","retrieved","Source image captured","Rewritten overview plus captured specification table"
"/shop/ferris/ferris-isx-3300-61-zero-turn-mower-2/","Product","Ferris ISX™ 3300 60″ Zero Turn Mower","retrieved","Source image captured","Rewritten overview plus captured specification table"
"/shop/wright/wright-zxt-61-zero-turn-mower-wzxt61sfxt001b/","Product","Wright ZXT 61″ Zero Turn Mower – WZXT61SFXT001B","retrieved","Source image captured","Rewritten overview plus captured specification table"
"/shop/hustler/hustler-hyperdrive-72-kawasaki-zero-turn-mower-943993/","Product","Hustler HyperDrive 72″ Kawasaki Zero Turn Mower – 943993","retrieved","Source image captured","Rewritten overview plus captured specification table"
"/shop/hustler/hustler-hyperdrive-60-kawasaki-efi-rear-discharge-zero-turn-mower-943035/","Product","Hustler HyperDrive 60″ Kawasaki EFI Rear Discharge Zero Turn Mower – 943035","retrieved","Source image captured","Rewritten overview plus captured specification table"
"/shop/wright/wright-zxt-61-efi-zero-turn-mower/","Product","Wright ZXT 61″ EFI Zero Turn Mower – WZXT61S61G8E1B","retrieved","Source image captured","Rewritten overview plus captured specification table"
"/shop/ferris/ferris-isx-3300-61-zero-turn-mower/","Product","Ferris ISX™ 3300 60″ Zero Turn Mower","retrieved","Source image captured","Rewritten overview plus captured specification table"
"/shop/bad-boy/bad-boy-30-series-3026-compact-tractor-w-industrial-tires-bb3026hi/","Product","Ask About Cash Discount Bad Boy 30 Series 3026 Compact Tractor w/ Industrial Tires – BB3026HI","retrieved","No source image","Rewritten overview plus captured specification table"
"/shop/hustler/hustler-hyperdrive-60-kawasaki-efi-zero-turn-mower-942995/","Product","Hustler HyperDrive 60″ Kawasaki EFI Zero Turn Mower – 942995","retrieved","Source image captured","Rewritten overview plus captured specification table"
"/shop/wright/wright-zxt-72-efi-zero-turn-mower-wzxt72sfxt001b/","Product","Wright ZXT 72″ EFI Zero Turn Mower – WZXT72SFXT001B","retrieved","Source image captured","Rewritten overview plus captured specification table"
"/shop/hustler/hustler-hyperdrive-60-kawasaki-efi-zero-turn-mower-943977/","Product","Hustler HyperDrive 60″ Kawasaki EFI Zero Turn Mower – 943977","retrieved","Source image captured","Rewritten overview plus captured specification table"
"/shop/ferris/ferris-isx-3300-72-zero-turn-mower-4/","Product","Ferris ISX™ 3300 72″ Zero Turn Mower","source_redirect","No source image","Listing facts only; original detail unavailable or redirected"
"/shop/wright/wright-zxt-72-efi-zero-turn-mower/","Product","Wright ZXT 72″ EFI Zero Turn Mower – WZXT72S61G8E1B","retrieved","Source image captured","Rewritten overview plus captured specification table"
"/shop/hustler/hustler-hyperdrive-72-kawasaki-efi-zero-turn-mower-943027/","Product","Hustler HyperDrive 72″ Kawasaki EFI Zero Turn Mower – 943027","retrieved","Source image captured","Rewritten overview plus captured specification table"
"/shop/hustler/hustler-hyperdrive-72-kawasaki-efi-zero-turn-mower-944017/","Product","Hustler HyperDrive 72″ Kawasaki EFI Zero Turn Mower – 944017","retrieved","Source image captured","Rewritten overview plus captured specification table"
"/shop/hustler/hustler-hyperdrive-60-kawasaki-efi-rear-disc-zero-turn-mower-944025/","Product","Hustler HyperDrive 60″ Kawasaki EFI Rear Disc Zero Turn Mower – 944025","retrieved","Source image captured","Rewritten overview plus captured specification table"
"/shop/exmark/exmark-60-lazer-z-x-series-zero-turn-mower-lrx921gka606q1/","Product","eXmark 60″ Lazer Z X-Series Zero Turn Mower – LRX921GKA606Q1","retrieved","Source image captured","Rewritten overview plus captured specification table"
"/shop/ferris/ferris-isx-3300-72-zero-turn-mower-3/","Product","Ferris ISX™ 3300 72″ Zero Turn Mower","retrieved","No source image","Rewritten overview plus captured specification table"
"/shop/bad-boy/bad-boy-10-series-1025-sub-compact-tractor-w-loader-bb1025hil/","Product","Ask About Cash Discount Bad Boy 10 Series 1025 Sub-Compact Tractor w/ Loader – BB1025HIL","retrieved","No source image","Rewritten overview plus captured specification table"
"/shop/exmark/exmark-60-lazer-z-x-series-zero-turn-mower-lrx820aka606q1/","Product","eXmark 60″ Lazer Z X-Series Zero Turn Mower – LRX820AKA606Q1","retrieved","Source image captured","Rewritten overview plus captured specification table"
"/shop/hustler/hustler-diesel-z-72-rear-discharge-zero-turn-mower-943266us/","Product","Hustler Diesel Z 72″ Rear Discharge Zero Turn Mower – 943266US","retrieved","Source image captured","Rewritten overview plus captured specification table"
"/shop/hustler/hustler-hyperdrive-72-kawasaki-efi-rear-discharge-zero-turn-mower-943043/","Product","Hustler HyperDrive 72″ Kawasaki EFI Rear Discharge Zero Turn Mower – 943043","retrieved","Source image captured","Rewritten overview plus captured specification table"
"/shop/hustler/hustler-hyperdrive-72-kawasaki-efi-rear-disc-zero-turn-mower-944033/","Product","Hustler HyperDrive 72″ Kawasaki EFI Rear Disc Zero Turn Mower – 944033","retrieved","Source image captured","Rewritten overview plus captured specification table"
"/shop/hustler/hustler-hyperdrive-60-vanguard-efi-w-oil-guard-zero-turn-mower-943050/","Product","Hustler HyperDrive 60″ Vanguard EFI w/ Oil Guard Zero Turn Mower – 943050","retrieved","Source image captured","Rewritten overview plus captured specification table"
"/shop/hustler/hustler-hyperdrive-60-vanguard-efi-w-oil-guard-zero-turn-mower-943985/","Product","Hustler HyperDrive 60″ Vanguard EFI w/ Oil Guard Zero Turn Mower – 943985","retrieved","Source image captured","Rewritten overview plus captured specification table"
"/shop/exmark/exmark-72-lazer-z-x-series-zero-turn-mower-lrx921gka726q1/","Product","eXmark 72″ Lazer Z X-Series Zero Turn Mower – LRX921GKA726Q1","retrieved","Source image captured","Rewritten overview plus captured specification table"
"/shop/exmark/exmark-42-navigator-zero-turn-mower-nvs740gkc42000/","Product","eXmark 42″ Navigator Zero Turn Mower NVS740GKC42000","retrieved","Source image captured","Rewritten overview plus captured specification table"
"/shop/exmark/exmark-60-lazer-z-x-series-zero-turn-mower-lrx993ebx606q1/","Product","eXmark 60″ Lazer Z X-Series Zero Turn Mower – LRX993EBX606Q1","retrieved","Source image captured","Rewritten overview plus captured specification table"
"/shop/exmark/exmark-72-lazer-z-x-series-zero-turn-mower-lrx820aka726q1/","Product","eXmark 72″ Lazer Z X-Series Zero Turn Mower – LRX820AKA726Q1","retrieved","Source image captured","Rewritten overview plus captured specification table"
"/shop/hustler/hustler-hyperdrive-72-vanguard-efi-w-oil-guard-zero-turn-mower-943068/","Product","Hustler HyperDrive 72″ Vanguard EFI w/ Oil Guard Zero Turn Mower – 943068","retrieved","Source image captured","Rewritten overview plus captured specification table"
"/shop/hustler/hustler-hyperdrive-72-vanguard-efi-w-oil-guard-zero-turn-mower-944041/","Product","Hustler HyperDrive 72″ Vanguard EFI w/ Oil Guard Zero Turn Mower – 944041","retrieved","Source image captured","Rewritten overview plus captured specification table"
"/shop/exmark/exmark-60-lazer-z-x-series-zero-turn-mower-lrx980ekc606q1/","Product","eXmark 60″ Lazer Z X-Series Zero Turn Mower – LRX980EKC606Q1","retrieved","Source image captured","Rewritten overview plus captured specification table"
"/shop/exmark/exmark-72-lazer-z-x-series-zero-turn-mower-lrx993ebx726q1/","Product","eXmark 72″ Lazer Z X-Series Zero Turn Mower – LRX993EBX726Q1","retrieved","Source image captured","Rewritten overview plus captured specification table"
"/shop/exmark/exmark-72-lazer-z-x-series-zero-turn-mower-lrx980ekc726q1/","Product","eXmark 72″ Lazer Z X-Series Zero Turn Mower – LRX980EKC726Q1","retrieved","Source image captured","Rewritten overview plus captured specification table"
"/shop/exmark/exmark-48-navigator-zero-turn-mower-nvs730ekc48000/","Product","eXmark 48″ Navigator Zero Turn Mower NVS730EKC48000","retrieved","Source image captured","Rewritten overview plus captured specification table"
"/shop/bad-boy/bad-boy-outlaw-renegade-61-1100cc-perkins-zero-turn-mower-brn61247pm/","Product","Bad Boy Outlaw Renegade 61″ 1100cc Perkins Zero-Turn Mower BRN61247PM","retrieved","No source image","Rewritten overview plus captured specification table"
"/shop/bad-boy/bad-boy-40-series-4025-compact-tractor-w-industrial-tires-bb4025hi/","Product","Ask About Cash Discount Bad Boy 40 Series 4025 Compact Tractor w/ Industrial Tires – BB4025HI","source_redirect","No source image","Listing facts only; original detail unavailable or redirected"
"/shop/ferris/ferris-is-2600-61-zero-turn-mower/","Product","Ferris IS® 2600 61″ Zero Turn Mower","retrieved","Source image captured","Rewritten overview plus captured specification table"
"/shop/bad-boy/bad-boy-30-series-3026-compact-tractor-w-loader-bb3026hil/","Product","Ask About Cash Discount Bad Boy 30 Series 3026 Compact Tractor w/ Loader – BB3026HIL","retrieved","Source image captured","Rewritten overview plus captured specification table"
"/shop/bad-boy/bad-boy-10-series-1022-sub-compact-tractor-w-loader-backhoe/","Product","Ask About Cash Discount Bad Boy 10 Series 1022 Sub-Compact Tractor w/ Loader & Backhoe","retrieved","Source image captured","Rewritten overview plus captured specification table"
"/shop/cub-cadet/cub-cadet-pro-z-972-sd-efi-zero-turn-mower-2/","Product","Cub Cadet PRO Z 972 SD EFI Zero-Turn Mower","retrieved","Source image captured","Rewritten overview plus captured specification table"
"/shop/bad-boy/bad-boy-40-series-4035-compact-tractor-w-industrial-tires-bb4035hi/","Product","Ask About Cash Discount Bad Boy 40 Series 4035 Compact Tractor w/ Industrial Tires – BB4035HI","retrieved","No source image","Rewritten overview plus captured specification table"
"/shop/bad-boy/bad-boy-10-series-1025-sub-compact-tractor-w-loader-backhoe/","Product","Ask About Cash Discount Bad Boy 10 Series 1025 Sub-Compact Tractor w/ Loader & Backhoe","retrieved","Source image captured","Rewritten overview plus captured specification table"
"/shop/bad-boy/bad-boy-40-series-4025-compact-tractor-w-loader-bb4025hil/","Product","Ask About Cash Discount Bad Boy 40 Series 4025 Compact Tractor w/ Loader – BB4025HIL","retrieved","Source image captured","Rewritten overview plus captured specification table"
"/shop/exmark/exmark-60-lazer-z-diesel-zero-turn-mower/","Product","eXmark 60″ Lazer Z Diesel Zero Turn Mower","retrieved","No source image","Rewritten overview plus captured specification table"
"/shop/exmark/exmark-72-lazer-z-diesel-zero-turn-mower/","Product","eXmark 72″ Lazer Z Diesel Zero Turn Mower","retrieved","No source image","Rewritten overview plus captured specification table"
"/shop/bad-boy/bad-boy-30-series-3026-compact-tractor-w-loader-backhoe/","Product","Ask About Cash Discount Bad Boy 30 Series 3026 Compact Tractor w/ Loader & Backhoe – 3026HILB","retrieved","No source image","Rewritten overview plus captured specification table"
"/shop/bad-boy/bad-boy-40-series-4035-compact-tractor-w-loader-bb4035hil/","Product","Ask About Cash Discount Bad Boy 40 Series 4035 Compact Tractor w/ Loader – BB4035HIL","retrieved","Source image captured","Rewritten overview plus captured specification table"
"/shop/exmark/exmark-72-lazer-z-diesel-zero-turn-mower-2/","Product","eXmark 72″ Lazer Z Diesel Zero Turn Mower","retrieved","No source image","Rewritten overview plus captured specification table"
"/shop/bad-boy/bad-boy-40-series-4035-compact-tractor-cab-w-industrial-tires-bb4035chi/","Product","Ask About Cash Discount Bad Boy 40 Series 4035 Compact Tractor CAB w/ Industrial Tires – BB4035CHI","source_redirect","No source image","Listing facts only; original detail unavailable or redirected"
"/shop/bad-boy/bad-boy-40-series-4025-compact-tractor-w-loader-backhoe/","Product","Ask About Cash Discount Bad Boy 40 Series 4025 Compact Tractor w/ Loader & Backhoe","retrieved","Source image captured","Rewritten overview plus captured specification table"
"/shop/bad-boy/bad-boy-50-series-5045-compact-tractor-w-loader-bb5045s/","Product","Ask About Cash Discount Bad Boy 50 Series 5045 Compact Tractor w/ Loader – BB5045S","retrieved","No source image","Rewritten overview plus captured specification table"
"/shop/hustler/hustler-super-104-kawasaki-efi-104-zero-turn-mower-944058/","Product","Hustler Super 104 Kawasaki EFI 104″ Zero Turn Mower – 944058","retrieved","Source image captured","Rewritten overview plus captured specification table"
"/shop/hustler/hustler-super-104-vanguard-efi-w-oil-guard-104-zero-turn-mower-944066/","Product","Hustler Super 104 Vanguard EFI w/ Oil Guard 104″ Zero Turn Mower – 944066","retrieved","Source image captured","Rewritten overview plus captured specification table"
"/shop/bad-boy/bad-boy-50-series-5055-compact-tractor-cab-w-loader-bb5055cs/","Product","Ask About Cash Discount Bad Boy 50 Series 5055 Compact Tractor CAB w/ Loader – BB5055CS","retrieved","Source image captured","Rewritten overview plus captured specification table"
"/shop/bad-boy/bad-boy-50-series-5055-compact-tractor-w-loader-bb5055s/","Product","Ask About Cash Discount Bad Boy 50 Series 5055 Compact Tractor w/ Loader – BB5055S","retrieved","Source image captured","Rewritten overview plus captured specification table"
"/shop/bad-boy/bad-boy-40-series-4035-compact-tractor-w-loader-backhoe/","Product","Ask About Cash Discount Bad Boy 40 Series 4035 Compact Tractor w/ Loader & Backhoe","retrieved","No source image","Rewritten overview plus captured specification table"
"/shop/bad-boy/bad-boy-40-series-4035-compact-tractor-cab-w-loader-bb4035chil/","Product","Ask About Cash Discount Bad Boy 40 Series 4035 Compact Tractor CAB w/ Loader – BB4035CHIL","retrieved","No source image","Rewritten overview plus captured specification table"
"/shop/ferris/ferris-is-6200-72-zero-turn-mower/","Product","Ferris IS® 6200 72″ Zero Turn Mower","unavailable","No source image","Listing facts only; original detail unavailable or redirected"
"/shop/bad-boy/bad-boy-50-series-5045-compact-tractor-cab-w-loader-bb5045cs/","Product","Ask About Cash Discount Bad Boy 50 Series 5045 Compact Tractor CAB w/ Loader – BB5045CS","retrieved","Source image captured","Rewritten overview plus captured specification table"
"/shop/bad-boy/bad-boy-50-series-5045-compact-tractor-w-loader-backhoe/","Product","Ask About Cash Discount Bad Boy 50 Series 5045 Compact Tractor w/ Loader & Backhoe","retrieved","Source image captured","Rewritten overview plus captured specification table"
"/shop/exmark/exmark-96-lazer-z-x-series-zero-turn-mower-lzx980ekc96rw0/","Product","eXmark 96″ Lazer Z X-Series Zero Turn Mower – LZX980EKC96RW0","retrieved","Source image captured","Rewritten overview plus captured specification table"
"/shop/bad-boy/bad-boy-40-series-4035-compact-tractor-cab-w-loader-backhoe/","Product","Ask About Cash Discount Bad Boy 40 Series 4035 Compact Tractor CAB w/ Loader & Backhoe","retrieved","No source image","Rewritten overview plus captured specification table"
"/shop/bad-boy/bad-boy-50-series-5055-compact-tractor-w-loader-backhoe/","Product","Ask About Cash Discount Bad Boy 50 Series 5055 Compact Tractor w/ Loader & Backhoe","retrieved","No source image","Rewritten overview plus captured specification table"
"/shop/bad-boy/bad-boy-50-series-5055-compact-tractor-cab-w-loader/","Product","Ask About Cash Discount Bad Boy 50 Series 5055 Compact Tractor CAB w/ Loader","retrieved","No source image","Rewritten overview plus captured specification table"
"/shop/bad-boy/bad-boy-50-series-5045-compact-tractor-cab-w-loader-backhoe/","Product","Ask About Cash Discount Bad Boy 50 Series 5045 Compact Tractor CAB w/ Loader & Backhoe","retrieved","No source image","Rewritten overview plus captured specification table"
"/shop/wright/wright-autonomous-zk-61-stand-on-mower-wszk61m61g83br/","Product","Wright Autonomous ZK 61″ Stand On Mower – WSZK61M61G83BR","retrieved","Source image captured","Rewritten overview plus captured specification table"
"/shop/wright/wright-autonomous-zk-72-stand-on-mower-wszk72m61g83br/","Product","Wright Autonomous ZK 72″ Stand On Mower – WSZK72M61G83BR","retrieved","Source image captured","Rewritten overview plus captured specification table"
"/shop/bad-boy/bad-boy-50-series-5055-compact-tractor-cab-w-loader-backhoe/","Product","Ask About Cash Discount Bad Boy 50 Series 5055 Compact Tractor CAB w/ Loader & Backhoe","retrieved","Source image captured","Rewritten overview plus captured specification table"
"/shop/exmark/exmark-96-lazer-z-diesel-zero-turn-mower/","Product","eXmark 96″ Lazer Z Diesel Zero Turn Mower","retrieved","No source image","Rewritten overview plus captured specification table"
"/shop/exmark/exmark-144-lazer-z-diesel-zero-turn-mower/","Product","eXmark 144″ Lazer Z Diesel Zero Turn Mower","retrieved","No source image","Rewritten overview plus captured specification table"
"/how-to-prepare-your-lawn-mower-for-fall/","Article","How to Prepare Your Lawn Mower for Fall","Structured adaptation, full original linked","Source image captured","Full source text migration pending"
"/get-your-mower-ready-for-floridas-spring-growing-season/","Article","Get Your Mower Ready for Florida’s Spring Growing Season","Structured adaptation, full original linked","Source image captured","Full source text migration pending"
"/how-often-should-you-mow-your-lawn-in-a-florida-winter/","Article","How Often Should You Mow Your Lawn in a Florida Winter?","Structured adaptation, full original linked","Source image captured","Full source text migration pending"
"/how-to-choose-the-best-mower-for-large-acreage-properties-near-ocala-and-belleview/","Article","Choosing a Mower for Large Acreage Near Ocala and Belleview","Structured adaptation, full original linked","Source image captured","Full source text migration pending"
"/garden-center-meets-mower-dealer-why-the-yard-stop-does-both/","Article","Garden Center Meets Mower Dealer: Why The Yard Stop Does Both","Structured adaptation, full original linked","No source image","Full source text migration pending"
"/the-ultimate-florida-mowing-calendar-how-often-should-you-cut-your-grass/","Article","The Florida Mowing Calendar","Structured adaptation, full original linked","Source image captured","Full source text migration pending"
"/the-ultimate-sunshine-state-gardening-guide-for-florida-homeowners/","Article","A Florida Gardening Guide for Homeowners","Structured adaptation, full original linked","Source image captured","Full source text migration pending"
"/the-method-to-mowing-inclines-safely/","Article","The Method to Mowing Inclines Safely","Structured adaptation, full original linked","Source image captured","Full source text migration pending"
"/the-legality-of-tractors-on-florida-roads/","Article","The Legality of Tractors on Florida Roads","Structured adaptation, full original linked","Source image captured","Full source text migration pending"
"/year-round-mowing-is-non-negotiable-in-florida/","Article","Caring for a Florida Lawn Throughout the Year","Structured adaptation, full original linked","Source image captured","Full source text migration pending"
"/how-little-grass-is-too-little-in-mowing/","Article","Riding Mowers: How Little Grass is Too Little?","Structured adaptation, full original linked","Source image captured","Full source text migration pending"
"/battery-powered-mowers-vs-gas-mowers-the-carbon-impact/","Article","Battery-Powered Mowers vs. Gas Mowers: The Carbon Impact","Structured adaptation, full original linked","Source image captured","Full source text migration pending"
"/mulch-mowing-reduces-local-carbon-emissions/","Article","Mulch-Mowing and a Healthier Local Environment","Structured adaptation, full original linked","Source image captured","Full source text migration pending"
"/does-mowing-height-make-grass-more-resilient-to-drought/","Article","Mowing Height Makes Grass More Resilient","Structured adaptation, full original linked","Source image captured","Full source text migration pending"
"/diagnosing-mower-issues-faulty-ignition-system/","Article","Diagnosing Mower Issues: A Faulty Ignition System","Structured adaptation, full original linked","Source image captured","Full source text migration pending"
"/why-are-mower-blades-drive-wheels-not-engaging/","Article","Why Are the Blades or Drive Wheels Not Engaging?","Structured adaptation, full original linked","Source image captured","Full source text migration pending"
"/source-of-major-oil-fuel-leaks/","Article","What’s the Source of Major Oil or Fuel Leaks?","Structured adaptation, full original linked","Source image captured","Full source text migration pending"
"/repair-or-replace-lawn-mower/","Article","Should I Repair or Replace My Lawn Mower?","Structured adaptation, full original linked","Source image captured","Full source text migration pending"
"/how-to-tell-if-lawn-mower-is-burning-low-oil/","Article","How Can I Tell If My Lawnmower Is Burning Low Oil?","Structured adaptation, full original linked","Source image captured","Full source text migration pending"
"/lawn-mowing-before-hurricane-florida/","Article","Should You Cut Your Grass Before a Hurricane in Florida?","Structured adaptation, full original linked","Source image captured","Full source text migration pending"
"/why-is-my-lawn-mower-smoking/","Article","Why Is My Lawn Mower Smoking?","Structured adaptation, full original linked","Source image captured","Full source text migration pending"
"/high-performance-riding-mowers-for-steep-terrain/","Article","Choosing Equipment for Hilly Terrain","Structured adaptation, full original linked","Source image captured","Full source text migration pending"
"/why-my-mower-vibrating-excessively/","Article","Why Is My Lawn Mower Vibrating Excessively While in Use?","Structured adaptation, full original linked","Source image captured","Full source text migration pending"
"/uneven-lawn-mower-cutting-fix/","Article","Why Is My Lawn Mower Cutting Unevenly?","Structured adaptation, full original linked","Source image captured","Full source text migration pending"
"/lawn-mower-good-for-0-7-acres/","Article","What Lawn Mower Size is Good for 0.7 Acres?","Structured adaptation, full original linked","Source image captured","Full source text migration pending"
"/mowers-we-offer-ocala-fl/","Article","Explore The Yard Stop’s Mower Selection","Structured adaptation, full original linked","Source image captured","Full source text migration pending"
"/why-durable-lawn-mowers-are-essential-for-floridas-climate/","Article","Why Durable Lawn Mowers Matter in Florida","Structured adaptation, full original linked","Source image captured","Full source text migration pending"
"/find-your-perfect-affordable-commercial-mower-in-ocala/","Article","Find an Affordable Commercial Mower in Ocala","Structured adaptation, full original linked","Source image captured","Full source text migration pending"
"/how-to-keep-your-outdoor-kitchen-cool/","Article","How to Keep Your Outdoor Kitchen Cool","Structured adaptation, full original linked","Source image captured","Full source text migration pending"